date, pm10, no2, co
2025/10/1, 13, 13, 
2025/10/2, 19, 10, 
2025/10/3, 14, 3, 
2025/10/4, 12, 5, 
2025/10/5, 7, 7, 
2025/10/6, 11, 7, 
2025/10/7, 13, 8, 
2025/10/8, 11, 9, 
2025/10/9, 14, 9, 
2025/10/10, 12, 6, 
2025/10/11, 11, 4, 
2025/10/12, 8, 6, 
2025/10/13, 10, 7, 
2025/10/14, 11, 8, 
2025/10/15, 11, 7, 
2025/10/16, 9, 7, 
2025/10/17, 11, 6, 
2025/10/18, 10, 6, 
2025/10/19, 11, 9, 
2025/10/20, 15, 4, 
2025/10/21, 17, 8, 
2025/10/22, 18, 6, 
2025/10/23, 15, 3, 
2025/10/24, 12, 7, 
2025/10/25, 9, 6, 
2025/10/26, 10, 10, 
2025/10/27, 8, 10, 
2025/10/28, 28, 8, 
2025/10/29, 21, 5, 
2025/10/30, 8, 2, 
2025/10/31, 6, , 
2025/7/1, 18, 7, 
2025/7/2, 21, 5, 
2025/7/3, 18, 5, 
2025/7/4, 13, 5, 
2025/7/5, 11, 2, 
2025/7/6, 8, 3, 
2025/7/7, 11, 2, 
2025/7/8, 35, 11, 
2025/7/9, 15, 5, 
2025/7/10, 12, 1, 
2025/7/11, 10, 1, 
2025/7/12, 18, 3, 
2025/7/13, 11, 5, 
2025/7/14, 16, 4, 
2025/7/15, 15, 3, 
2025/7/16, 15, 3, 
2025/7/17, 12, 3, 
2025/7/18, 16, 4, 
2025/7/19, 11, 6, 
2025/7/20, 15, 2, 
2025/7/21, 17, 2, 
2025/7/22, 13, 2, 
2025/7/23, 16, 3, 
2025/7/24, 15, 8, 
2025/7/25, 18, 6, 
2025/7/26, 17, 5, 
2025/7/27, 15, 4, 
2025/7/28, 16, 2, 
2025/7/29, 9, 6, 
2025/7/30, 18, 5, 
2025/7/31, 14, 7, 
2025/8/1, 10, 10, 
2025/8/2, 14, 5, 
2025/8/3, 12, 4, 
2025/8/4, 10, 4, 
2025/8/5, 10, 3, 
2025/8/6, 13, 4, 
2025/8/7, 13, 6, 
2025/8/8, 19, 5, 
2025/8/9, 14, 5, 
2025/8/10, 12, 5, 
2025/8/11, 7, 3, 
2025/8/12, 7, 8, 
2025/8/13, 14, 9, 
2025/8/14, 18, 8, 
2025/8/15, 21, 3, 
2025/8/16, 7, 2, 
2025/8/17, 7, 7, 
2025/8/18, 14, 3, 
2025/8/19, 9, 3, 
2025/8/20, 9, 7, 
2025/8/21, 12, 8, 
2025/8/22, 9, 3, 
2025/8/23, 5, 1, 
2025/8/24, 5, 3, 
2025/8/25, 7, 8, 
2025/8/26, 10, 11, 
2025/8/27, 15, 7, 
2025/8/28, 14, 3, 
2025/8/29, 10, 4, 
2025/8/30, 11, 6, 
2025/8/31, 10, 5, 
2025/9/1, 11, 4, 
2025/9/2, 10, 6, 
2025/9/3, 12, 7, 
2025/9/4, 15, 7, 
2025/9/5, 17, 5, 
2025/9/6, 13, 6, 
2025/9/7, 11, 5, 
2025/9/8, 13, 5, 
2025/9/9, 17, 3, 
2025/9/10, 15, 2, 
2025/9/11, 15, 7, 
2025/9/12, 14, 7, 
2025/9/13, 13, 3, 
2025/9/14, 9, 5, 
2025/9/15, 9, 7, 
2025/9/16, 11, 5, 
2025/9/17, 13, 6, 
2025/9/18, 15, 2, 
2025/9/19, 15, 2, 
2025/9/20, 12, 2, 
2025/9/21, 13, 4, 
2025/9/22, 7, 5, 
2025/9/23, 9, 7, 
2025/9/24, 13, 10, 
2025/9/25, 16, 12, 
2025/9/26, 20, 10, 
2025/9/27, 15, 4, 
2025/9/28, 7, 6, 
2025/9/29, 10, 6, 
2025/9/30, 9, 9, 
2025/4/1, 44, 13, 
2025/4/2, 56, 7, 
2025/4/3, 42, 3, 
2025/4/4, 18, 1, 
2025/4/5, 13, 6, 
2025/4/6, 15, 2, 
2025/4/7, 11, 7, 
2025/4/8, 24, 3, 
2025/4/9, 21, 10, 
2025/4/10, 19, 4, 
2025/4/11, 13, 6, 
2025/4/12, 16, 7, 
2025/4/13, 17, 6, 
2025/4/14, 30, 6, 
2025/4/15, 23, 4, 
2025/4/16, 27, 4, 
2025/4/17, 13, 2, 
2025/4/18, 11, 1, 
2025/4/19, 4, 3, 
2025/4/20, 12, 1, 
2025/4/21, 8, 6, 
2025/4/22, 9, 4, 
2025/4/23, 10, 3, 
2025/4/24, 10, 5, 
2025/4/25, 18, 5, 
2025/4/26, 17, 6, 
2025/4/27, 26, 5, 
2025/4/28, 34, 5, 
2025/4/29, 21, 4, 
2025/4/30, 21, 6, 
2025/5/1, 27, 5, 
2025/5/2, 23, 3, 
2025/5/3, 13, 1, 
2025/5/4, 6, 4, 
2025/5/5, 18, 2, 
2025/5/6, 13, 3, 
2025/5/7, 12, 4, 
2025/5/8, 9, 7, 
2025/5/9, 7, 4, 
2025/5/10, 9, 6, 
2025/5/11, 12, 8, 
2025/5/12, 21, 6, 
2025/5/13, 21, 3, 
2025/5/14, 11, 1, 
2025/5/15, 10, 1, 
2025/5/16, 9, 2, 
2025/5/17, 8, 1, 
2025/5/18, 9, 4, 
2025/5/19, 14, 3, 
2025/5/20, 14, 3, 
2025/5/21, 10, 5, 
2025/5/22, 13, 5, 
2025/5/23, 17, 5, 
2025/5/24, 16, 5, 
2025/5/25, 17, 6, 
2025/5/26, 24, 6, 
2025/5/27, 26, 8, 
2025/5/28, 19, 6, 
2025/5/29, 18, 9, 
2025/5/30, 22, 4, 
2025/5/31, 16, 6, 
2025/6/1, 17, 5, 
2025/6/2, 19, 6, 
2025/6/3, 23, 9, 
2025/6/4, 29, 6, 
2025/6/5, 22, 6, 
2025/6/6, 16, 3, 
2025/6/7, 17, 5, 
2025/6/8, 14, 6, 
2025/6/9, 18, 7, 
2025/6/10, 23, 5, 
2025/6/11, 14, 3, 
2025/6/12, 11, 3, 
2025/6/13, 10, 3, 
2025/6/14, 12, 3, 
2025/6/15, 13, 5, 
2025/6/16, 23, 4, 
2025/6/17, 14, 5, 
2025/6/18, 18, 3, 
2025/6/19, 10, 1, 
2025/6/20, 7, 1, 
2025/6/22, 11, 5, 
2025/6/23, 18, 3, 
2025/6/24, 11, 7, 
2025/6/25, 14, 12, 
2025/6/26, 17, 6, 
2025/6/27, 17, 4, 
2025/6/28, 14, 3, 
2025/6/29, 15, 3, 
2025/6/30, 11, 6, 
2025/1/1, 5, 6, 
2025/1/2, 4, 8, 
2025/1/3, 5, 4, 
2025/1/4, 6, 10, 
2025/1/5, 6, 5, 
2025/1/6, 7, 7, 
2025/1/7, 8, 10, 
2025/1/8, 10, 9, 
2025/1/9, 8, 3, 
2025/1/10, 6, 1, 
2025/1/11, 5, 6, 
2025/1/12, 6, 8, 
2025/1/13, 8, 5, 
2025/1/14, 7, 11, 
2025/1/15, 8, 4, 
2025/1/16, 7, 5, 
2025/1/17, 13, 5, 
2025/1/18, 10, 3, 
2025/1/19, 10, 7, 
2025/1/20, 7, 4, 
2025/1/21, 6, 7, 
2025/1/22, 11, 5, 
2025/1/23, 8, 7, 
2025/1/24, 16, 4, 
2025/1/25, 24, 4, 
2025/1/26, 39, 9, 
2025/1/27, 21, 9, 
2025/1/28, 7, 5, 
2025/1/29, 5, 5, 
2025/1/30, 25, 7, 
2025/1/31, 21, 5, 
2025/2/1, 44, 5, 
2025/2/2, 38, 6, 
2025/2/3, 38, 10, 
2025/2/4, 14, 7, 
2025/2/5, 16, 14, 
2025/2/6, 21, 8, 
2025/2/7, 12, 4, 
2025/2/8, 27, 5, 
2025/2/9, 24, 12, 
2025/2/10, 38, 10, 
2025/2/11, 9, 8, 
2025/2/12, 9, 3, 
2025/2/13, 14, 7, 
2025/2/14, 7, 5, 
2025/2/15, 8, 5, 
2025/2/16, 5, 9, 
2025/2/17, 7, 10, 
2025/2/18, 8, 17, 
2025/2/19, 21, 16, 
2025/2/20, 30, 9, 
2025/2/21, 20, 7, 
2025/2/22, 21, 6, 
2025/2/23, 18, 7, 
2025/2/24, 9, 9, 
2025/2/25, 8, 8, 
2025/2/26, 39, 11, 
2025/2/27, 12, 10, 
2025/2/28, 24, 4, 
2025/3/1, 15, 3, 
2025/3/2, 21, 2, 
2025/3/3, 26, 3, 
2025/3/4, 35, 3, 
2025/3/5, 30, 3, 
2025/3/6, 24, 10, 
2025/3/7, 38, 8, 
2025/3/8, 39, 10, 
2025/3/9, 39, 2, 
2025/3/10, 11, , 
2025/3/11, 9, 2, 
2025/3/12, 12, 5, 
2025/3/13, 12, 8, 
2025/3/14, 36, 6, 
2025/3/15, 38, 2, 
2025/3/16, 28, 5, 
2025/3/17, 31, 6, 
2025/3/18, 35, 6, 
2025/3/19, 30, 7, 
2025/3/20, 36, 3, 
2025/3/21, 15, 2, 
2025/3/22, 12, 3, 
2025/3/23, 16, 7, 
2025/3/24, 27, 7, 
2025/3/25, 17, 6, 
2025/3/26, 29, 7, 
2025/3/27, 34, 6, 
2025/3/28, 32, 6, 
2025/3/29, 33, 6, 
2025/3/30, 30, 4, 
2025/3/31, 21, 12, 
2024/10/1, 11, 3, 
2024/10/2, 6, 6, 
2024/10/3, 9, 12, 
2024/10/4, 12, 9, 
2024/10/5, 12, 5, 
2024/10/6, 9, 11, 
2024/10/7, 14, 8, 
2024/10/8, 11, 6, 
2024/10/9, 5, 7, 
2024/10/10, 6, 7, 
2024/10/11, 8, 7, 
2024/10/12, 10, 3, 
2024/10/13, 7, 9, 
2024/10/14, 12, 7, 
2024/10/15, 9, 13, 
2024/10/16, 15, 9, 
2024/10/17, 14, 9, 
2024/10/18, 20, 8, 
2024/10/19, 15, 7, 
2024/10/20, 19, 5, 
2024/10/21, 16, 6, 
2024/10/22, 17, 5, 
2024/10/23, 14, 6, 
2024/10/24, 15, 9, 
2024/10/25, 15, 8, 
2024/10/26, 16, 1, 
2024/10/27, 11, 7, 
2024/10/28, 14, 10, 
2024/10/29, 12, 7, 
2024/10/30, 10, 9, 
2024/10/31, 14, 3, 
2024/11/1, 9, 4, 
2024/11/2, 10, 3, 
2024/11/3, 8, 9, 
2024/11/4, 13, 5, 
2024/11/5, 13, 5, 
2024/11/6, 12, 9, 
2024/11/7, 20, 10, 
2024/11/8, 22, 5, 
2024/11/9, 14, 5, 
2024/11/10, 5, 7, 
2024/11/11, 10, 10, 
2024/11/12, 17, 9, 
2024/11/13, 20, 8, 
2024/11/14, 19, 7, 
2024/11/15, 23, 3, 
2024/11/16, 13, 3, 
2024/11/17, 12, 8, 
2024/11/18, 18, 10, 
2024/11/19, 20, 3, 
2024/11/20, 5, 4, 
2024/11/21, 7, 8, 
2024/11/22, 6, 9, 
2024/11/23, 8, 7, 
2024/11/24, 8, 6, 
2024/11/25, 13, 8, 
2024/11/26, 18, 7, 
2024/11/27, 8, 5, 
2024/11/28, 7, 9, 
2024/11/29, 29, 5, 
2024/11/30, 15, 2, 
2024/12/1, 16, 7, 
2024/12/2, 16, 2, 
2024/12/3, 3, 20, 
2024/12/9, 2, 11, 
2024/12/10, 9, 13, 
2024/12/11, 14, 14, 
2024/12/12, 22, 9, 
2024/12/13, 21, 5, 
2024/12/14, 3, 4, 
2024/12/15, 17, 5, 
2024/12/16, 20, 6, 
2024/12/17, 37, 11, 
2024/12/18, 23, 9, 
2024/12/19, 13, 6, 
2024/12/20, 15, 8, 
2024/12/21, 15, 8, 
2024/12/22, 9, 14, 
2024/12/23, 11, 4, 
2024/12/24, 5, 2, 
2024/12/25, 5, 2, 
2024/12/26, 6, 5, 
2024/12/27, 7, 5, 
2024/12/28, 4, 2, 
2024/12/29, 10, , 
2024/7/4, 10, 4, 
2024/7/5, 10, 3, 
2024/7/6, 9, 2, 
2024/7/7, 9, 4, 
2024/7/8, 11, 4, 
2024/7/9, 10, 3, 
2024/7/10, 10, 10, 
2024/7/11, 14, 5, 
2024/7/12, 12, 2, 
2024/7/13, 6, 2, 
2024/7/14, 7, 5, 
2024/7/15, 10, 4, 
2024/7/16, 10, 4, 
2024/7/17, 11, 3, 
2024/7/18, 7, 3, 
2024/7/19, 9, 2, 
2024/7/20, 9, 1, 
2024/7/21, 8, 2, 
2024/7/22, 9, 4, 
2024/7/23, 10, 6, 
2024/7/24, 12, 6, 
2024/7/25, 11, 6, 
2024/7/26, 11, 5, 
2024/7/27, 11, 2, 
2024/7/28, 9, 2, 
2024/7/29, 7, 4, 
2024/7/30, 10, 4, 
2024/7/31, 13, 3, 
2024/8/1, 7, 5, 
2024/8/2, 10, 4, 
2024/8/3, 10, 4, 
2024/8/4, 9, 3, 
2024/8/5, 9, 5, 
2024/8/6, 11, 5, 
2024/8/7, 8, 6, 
2024/8/8, 10, 6, 
2024/8/9, 12, 2, 
2024/8/10, 9, 2, 
2024/8/11, 8, 3, 
2024/8/12, 6, 6, 
2024/8/13, 11, 8, 
2024/8/14, 13, 12, 
2024/8/15, 16, 6, 
2024/8/16, 13, 1, 
2024/8/17, 8, 2, 
2024/8/18, 12, 5, 
2024/8/19, 14, 7, 
2024/8/20, 19, 9, 
2024/8/21, 16, 5, 
2024/8/22, 11, 6, 
2024/8/23, 15, 1, 
2024/8/24, 11, 2, 
2024/8/25, 13, 4, 
2024/8/26, 21, 6, 
2024/8/27, 19, 10, 
2024/8/28, 21, 7, 
2024/8/29, 22, 11, 
2024/8/30, 21, 4, 
2024/8/31, 12, 3, 
2024/9/1, 8, 10, 
2024/9/2, 8, 7, 
2024/9/3, 11, 4, 
2024/9/4, 17, 4, 
2024/9/5, 22, 5, 
2024/9/6, 16, 7, 
2024/9/7, 20, 5, 
2024/9/8, 30, 5, 
2024/9/9, 31, 6, 
2024/9/10, 12, 7, 
2024/9/11, 9, 8, 
2024/9/12, 10, 6, 
2024/9/13, 10, 3, 
2024/9/14, 7, 3, 
2024/9/15, 6, 7, 
2024/9/16, 11, 10, 
2024/9/17, 14, 13, 
2024/9/18, 17, 11, 
2024/9/19, 16, 9, 
2024/9/20, 14, 2, 
2024/9/21, 7, 3, 
2024/9/22, 6, 10, 
2024/9/23, 14, 9, 
2024/9/24, 21, 5, 
2024/9/25, 15, 6, 
2024/9/26, 11, 5, 
2024/9/27, 3, 5, 
2024/9/28, 6, 5, 
2024/9/29, 6, 12, 
2024/9/30, 12, 8, 
2024/4/1, 17, 1, 
2024/4/2, 8, 1, 
2024/4/3, 7, 2, 
2024/4/4, 10, 4, 
2024/4/5, 5, 3, 
2024/4/6, 6, 4, 
2024/4/7, 13, 9, 
2024/4/8, 36, 12, 
2024/4/9, 36, 5, 
2024/4/10, 41, 6, 
2024/4/11, 21, 7, 
2024/4/12, 36, 4, 
2024/4/13, 20, 3, 
2024/4/14, 8, 6, 
2024/4/15, 16, 3, 
2024/4/16, 12, 2, 
2024/4/17, 13, 2, 
2024/4/18, 12, 3, 
2024/4/19, 12, 3, 
2024/4/20, 13, 1, 
2024/4/21, 11, 2, 
2024/4/22, 13, 6, 
2024/4/23, 19, 9, 
2024/4/24, 23, 4, 
2024/4/25, 5, 6, 
2024/4/26, 3, 6, 
2024/4/27, 11, 5, 
2024/4/28, 12, 8, 
2024/4/29, 27, 11, 
2024/4/30, 35, 4, 
2024/5/1, 16, 2, 
2024/5/2, 11, 5, 
2024/5/3, 13, 7, 
2024/5/4, 19, 3, 
2024/5/5, 7, 2, 
2024/5/6, 8, 4, 
2024/5/7, 12, 4, 
2024/5/8, 8, 4, 
2024/5/9, 13, 2, 
2024/5/10, 10, 4, 
2024/5/11, 13, 7, 
2024/5/12, 16, 9, 
2024/5/13, 29, 9, 
2024/5/14, 29, 9, 
2024/5/15, 31, 11, 
2024/5/16, 36, 13, 
2024/5/17, 44, 10, 
2024/5/18, 30, 6, 
2024/5/19, 35, 1, 
2024/5/20, 9, 4, 
2024/5/21, 12, 4, 
2024/5/22, 17, 3, 
2024/5/23, 22, 7, 
2024/5/24, 15, 5, 
2024/5/25, 18, 3, 
2024/5/26, 14, 8, 
2024/5/27, 21, 8, 
2024/5/28, 23, 10, 
2024/5/29, 23, 5, 
2024/5/30, 13, 4, 
2024/5/31, 21, 2, 
2024/6/1, 18, 2, 
2024/6/2, 14, 11, 
2024/6/3, 30, 7, 
2024/6/4, 17, 8, 
2024/6/5, 25, 3, 
2024/6/6, 17, 5, 
2024/6/7, 17, 6, 
2024/6/8, 16, 3, 
2024/6/9, 8, 7, 
2024/6/10, 12, 5, 
2024/6/11, 12, 8, 
2024/6/12, 14, 8, 
2024/6/13, 15, 7, 
2024/6/14, 15, 2, 
2024/6/15, 12, 2, 
2024/6/16, 11, 7, 
2024/6/17, 12, 7, 
2024/6/18, 17, 6, 
2024/6/19, 15, 4, 
2024/6/20, 15, 2, 
2024/6/21, 11, 2, 
2024/6/22, 7, 4, 
2024/6/23, 10, 5, 
2024/6/24, 15, 7, 
2024/6/25, 14, 8, 
2024/6/26, 19, 8, 
2024/6/27, 18, , 
2024/1/1, 9, 2, 
2024/1/2, 5, 1, 
2024/1/3, 5, 3, 
2024/1/4, 5, 7, 
2024/1/5, 6, 9, 
2024/1/6, 7, 15, 
2024/1/7, 10, 10, 
2024/1/8, 5, 11, 
2024/1/9, 5, 12, 
2024/1/10, 5, 8, 
2024/1/11, 5, 5, 
2024/1/12, 4, 7, 
2024/1/13, 5, 4, 
2024/1/14, 4, 3, 
2024/1/15, 4, 13, 
2024/1/16, 6, 10, 
2024/1/17, 5, 8, 
2024/1/18, 5, 18, 
2024/1/19, 9, 15, 
2024/1/20, 11, 6, 
2024/1/21, 6, 6, 
2024/1/22, 7, 6, 
2024/1/23, 11, 9, 
2024/1/24, 5, 4, 
2024/1/25, 6, 8, 
2024/1/26, 10, 9, 
2024/1/27, 9, 4, 
2024/1/28, 9, 8, 
2024/1/29, 20, 11, 
2024/1/30, 10, 5, 
2024/1/31, 10, 5, 
2024/2/1, 39, 10, 
2024/2/2, 36, 3, 
2024/2/3, 22, 4, 
2024/2/4, 30, 9, 
2024/2/5, 23, 9, 
2024/2/6, 31, 6, 
2024/2/7, 41, 7, 
2024/2/8, 43, 5, 
2024/2/9, 6, 3, 
2024/2/10, 5, 3, 
2024/2/11, 7, 5, 
2024/2/12, 8, 8, 
2024/2/13, 5, 14, 
2024/2/14, 12, 8, 
2024/2/15, 7, 8, 
2024/2/16, 5, 4, 
2024/2/17, 12, 8, 
2024/2/18, 35, 8, 
2024/2/19, 5, 6, 
2024/2/20, 6, 11, 
2024/2/21, 7, 8, 
2024/2/22, 6, 7, 
2024/2/23, 18, 9, 
2024/2/24, 30, 7, 
2024/2/25, 17, 7, 
2024/2/26, 8, 11, 
2024/2/27, 24, 8, 
2024/2/28, 52, 6, 
2024/2/29, 52, 5, 
2024/3/1, 12, 3, 
2024/3/2, 18, 4, 
2024/3/3, 16, 4, 
2024/3/4, 18, 3, 
2024/3/5, 17, 8, 
2024/3/6, 22, 14, 
2024/3/7, 49, 5, 
2024/3/8, 23, 2, 
2024/3/9, 9, 1, 
2024/3/10, 10, 4, 
2024/3/11, 13, 6, 
2024/3/12, 18, 10, 
2024/3/13, 24, 6, 
2024/3/14, 14, 7, 
2024/3/18, 16, 10, 
2024/3/19, 22, 10, 
2024/3/21, 15, 8, 
2024/3/22, 8, 7, 
2024/3/23, 20, 4, 
2024/3/26, 6, 4, 
2024/3/27, 17, 4, 
2024/3/28, 24, 5, 
2024/3/29, 29, 5, 
2024/3/30, 38, 3, 
2024/3/31, 14, 2, 
2023/10/1, 8, 9, 
2023/10/2, 12, 8, 
2023/10/3, 11, 6, 
2023/10/4, 10, 5, 
2023/10/5, 9, 10, 
2023/10/6, 10, 2, 
2023/10/7, 5, 3, 
2023/10/8, 6, 7, 
2023/10/9, 9, , 
2023/10/11, 13, 5, 
2023/10/12, 9, 8, 
2023/10/13, 12, 3, 
2023/10/14, 8, 3, 
2023/10/15, 6, 6, 
2023/10/16, 8, 9, 
2023/10/17, 10, 4, 
2023/10/18, 7, 3, 
2023/10/19, 6, 2, 
2023/10/20, 5, 1, 
2023/10/21, 6, 1, 
2023/10/22, 4, 4, 
2023/10/23, 6, 4, 
2023/10/24, 7, 2, 
2023/10/25, 6, 3, 
2023/10/26, 6, 3, 
2023/10/27, 6, 4, 
2023/10/28, 8, 4, 
2023/10/29, 6, 2, 
2023/10/30, 8, 7, 
2023/10/31, 6, 6, 
2023/11/1, 5, 3, 
2023/11/2, 6, 3, 
2023/11/3, 8, 4, 
2023/11/4, 7, 4, 
2023/11/5, 9, 4, 
2023/11/6, 11, 7, 
2023/11/7, 7, 9, 
2023/11/8, 7, 7, 
2023/11/9, 6, 10, 
2023/11/10, 9, 7, 
2023/11/11, 16, 3, 
2023/11/12, 7, 5, 
2023/11/13, 12, 3, 
2023/11/14, 6, 5, 
2023/11/15, 7, 3, 
2023/11/16, 9, 6, 
2023/11/17, 15, 7, 
2023/11/18, 22, 4, 
2023/11/19, 11, 6, 
2023/11/20, 6, 5, 
2023/11/21, 5, 9, 
2023/11/22, 6, 8, 
2023/11/23, 5, 5, 
2023/11/24, 13, 4, 
2023/11/25, 5, 6, 
2023/11/26, 5, 5, 
2023/11/27, 4, 8, 
2023/11/28, 5, 12, 
2023/11/29, 8, 4, 
2023/11/30, 4, 6, 
2023/12/1, 6, 6, 
2023/12/2, 6, 6, 
2023/12/3, 5, 10, 
2023/12/4, 6, 13, 
2023/12/5, 8, 19, 
2023/12/6, 12, 13, 
2023/12/7, 12, 5, 
2023/12/8, 7, 4, 
2023/12/9, 6, 4, 
2023/12/10, 9, 5, 
2023/12/11, 7, 5, 
2023/12/12, 6, 5, 
2023/12/13, 7, 8, 
2023/12/14, 6, 12, 
2023/12/15, 9, 6, 
2023/12/16, 7, 6, 
2023/12/17, 7, 6, 
2023/12/18, 5, 6, 
2023/12/19, 12, 14, 
2023/12/20, 9, 6, 
2023/12/21, 4, 3, 
2023/12/22, 4, 3, 
2023/12/23, 5, 6, 
2023/12/24, 4, 3, 
2023/12/25, 5, 6, 
2023/12/26, 5, 8, 
2023/12/27, 6, 8, 
2023/12/28, 5, 12, 
2023/12/29, 8, 4, 
2023/12/30, 5, 1, 
2023/12/31, 5, 1, 
2023/7/1, 13, 4, 
2023/7/2, 7, 4, 
2023/7/3, 7, 4, 
2023/7/4, 13, 5, 
2023/7/5, 14, 5, 
2023/7/6, 10, 5, 
2023/7/7, 15, 5, 
2023/7/8, 13, 3, 
2023/7/9, 7, 4, 
2023/7/10, 8, 4, 
2023/7/11, 11, 3, 
2023/7/12, 12, 4, 
2023/7/13, 12, 4, 
2023/7/14, 10, 4, 
2023/7/15, 9, 3, 
2023/7/16, 10, 4, 
2023/7/17, 11, 3, 
2023/7/18, 8, 4, 
2023/7/19, 10, 3, 
2023/7/20, 10, 4, 
2023/7/21, 11, 3, 
2023/7/22, 9, 3, 
2023/7/23, 9, 3, 
2023/7/24, 8, 6, 
2023/7/25, 11, 4, 
2023/7/26, 10, 6, 
2023/7/27, 10, 6, 
2023/7/28, 10, 5, 
2023/7/29, 8, 6, 
2023/7/30, 11, 8, 
2023/7/31, 8, 5, 
2023/8/1, 7, 5, 
2023/8/2, 7, 3, 
2023/8/3, 8, 4, 
2023/8/4, 9, 11, 
2023/8/5, 17, 3, 
2023/8/6, 11, 2, 
2023/8/7, 13, 4, 
2023/8/8, 5, 5, 
2023/8/9, 11, 5, 
2023/8/10, 8, 8, 
2023/8/11, 14, 6, 
2023/8/12, 12, 4, 
2023/8/13, 9, 8, 
2023/8/14, 17, 7, 
2023/8/15, 16, 7, 
2023/8/16, 14, 3, 
2023/8/17, 9, 2, 
2023/8/18, 7, 2, 
2023/8/19, 7, 3, 
2023/8/20, 7, 5, 
2023/8/21, 11, 6, 
2023/8/22, 13, 7, 
2023/8/23, 14, 8, 
2023/8/24, 12, 7, 
2023/8/25, 12, 2, 
2023/8/26, 8, 6, 
2023/8/27, 10, 8, 
2023/8/28, 10, 8, 
2023/8/29, 12, 5, 
2023/8/30, 8, 6, 
2023/8/31, 9, 7, 
2023/9/1, 9, 6, 
2023/9/2, 8, 5, 
2023/9/3, 9, 8, 
2023/9/4, 15, 5, 
2023/9/5, 12, 7, 
2023/9/6, 11, 9, 
2023/9/7, 15, 9, 
2023/9/8, 20, 8, 
2023/9/9, 14, 6, 
2023/9/10, 18, 7, 
2023/9/11, 16, 10, 
2023/9/12, 20, 3, 
2023/9/13, 6, 8, 
2023/9/14, 11, 11, 
2023/9/15, 16, 6, 
2023/9/16, 13, 3, 
2023/9/17, 8, 4, 
2023/9/18, 8, 6, 
2023/9/19, 14, 7, 
2023/9/20, 12, 8, 
2023/9/21, 16, 7, 
2023/9/22, 18, 8, 
2023/9/23, 10, 4, 
2023/9/24, 8, 7, 
2023/9/25, 12, 10, 
2023/9/26, 16, 11, 
2023/9/27, 16, 9, 
2023/9/28, 17, 11, 
2023/9/29, 19, 5, 
2023/9/30, 9, 6, 
2023/4/5, 6, 3, 
2023/4/6, 12, , 
2023/4/7, 10, 3, 
2023/4/8, 22, 8, 
2023/4/9, 43, 4, 
2023/4/10, 28, 3, 
2023/4/11, 27, 4, 
2023/4/12, 24, 2, 
2023/4/13, 12, 3, 
2023/4/14, 14, 2, 
2023/4/15, 20, 1, 
2023/4/16, 21, 3, 
2023/4/17, 29, 1, 
2023/4/18, 25, 2, 
2023/4/19, 22, 10, 
2023/4/20, 41, 11, 
2023/4/21, 42, 9, 
2023/4/22, 40, 6, 
2023/4/23, 27, 2, 
2023/4/24, 8, 7, 
2023/4/25, 25, 7, 
2023/4/26, 36, 9, 
2023/4/27, 26, 7, 
2023/4/28, 28, 9, 
2023/4/29, 32, 3, 
2023/4/30, 21, 5, 
2023/5/1, 19, 6, 
2023/5/2, 20, 5, 
2023/5/3, 20, 6, 
2023/5/4, 19, 10, 
2023/5/5, 29, 8, 
2023/5/6, 22, 5, 
2023/5/7, 25, 14, 
2023/5/8, 72, 13, 
2023/5/9, 86, 15, 
2023/5/10, 64, 12, 
2023/5/11, 53, 16, 
2023/5/12, 41, 9, 
2023/5/13, 37, 8, 
2023/5/14, 31, 8, 
2023/5/15, 29, 9, 
2023/5/16, 17, 11, 
2023/5/17, 7, 4, 
2023/5/18, 10, 8, 
2023/5/19, 18, 8, 
2023/5/20, 14, 8, 
2023/5/21, 17, 10, 
2023/5/22, 24, 8, 
2023/5/23, 23, 9, 
2023/5/24, 27, 4, 
2023/5/25, 16, 6, 
2023/5/26, 19, 5, 
2023/5/27, 19, 4, 
2023/5/28, 15, 4, 
2023/5/29, 14, 7, 
2023/5/30, 17, 6, 
2023/5/31, 16, 3, 
2023/6/1, 15, 4, 
2023/6/2, 12, 4, 
2023/6/3, 14, 2, 
2023/6/4, 11, 6, 
2023/6/5, 19, 2, 
2023/6/6, 12, 4, 
2023/6/7, 10, 4, 
2023/6/8, 12, 2, 
2023/6/9, 9, 3, 
2023/6/10, 10, 6, 
2023/6/11, 15, 9, 
2023/6/12, 18, 11, 
2023/6/13, 22, 9, 
2023/6/14, 22, 8, 
2023/6/15, 22, 4, 
2023/6/16, 16, 3, 
2023/6/17, 16, 3, 
2023/6/18, 18, 4, 
2023/6/19, 15, 8, 
2023/6/20, 18, 10, 
2023/6/21, 20, 4, 
2023/6/22, 14, 2, 
2023/6/23, 9, 3, 
2023/6/24, 7, 3, 
2023/6/25, 7, 5, 
2023/6/26, 9, 1, 
2023/6/27, 9, 6, 
2023/6/28, 15, 6, 
2023/6/29, 16, 8, 
2023/6/30, 15, 3, 
2023/1/2, 7, 7, 
2023/1/3, 5, 4, 
2023/1/4, 4, 2, 
2023/1/5, 6, 3, 
2023/1/6, 6, 5, 
2023/1/7, 9, 4, 
2023/1/8, 7, 6, 
2023/1/9, 7, 8, 
2023/1/10, 6, 7, 
2023/1/11, 7, 10, 
2023/1/12, 8, 10, 
2023/1/13, 8, 6, 
2023/1/14, 4, 4, 
2023/1/15, 7, 9, 
2023/1/16, 19, 3, 
2023/1/17, 8, 10, 
2023/1/18, 25, 14, 
2023/1/19, 29, 12, 
2023/1/20, 15, 7, 
2023/1/21, 8, 7, 
2023/1/22, 8, 5, 
2023/1/23, 20, 7, 
2023/1/24, 6, 6, 
2023/1/25, 4, 7, 
2023/1/26, 10, 14, 
2023/1/27, 25, 7, 
2023/1/28, 10, 5, 
2023/1/29, 4, 4, 
2023/1/30, 22, 10, 
2023/1/31, 32, 13, 
2023/2/1, 12, 8, 
2023/2/2, 14, 9, 
2023/2/3, 8, 7, 
2023/2/4, 15, 6, 
2023/2/5, 25, 15, 
2023/2/6, 10, 9, 
2023/2/7, 10, 8, 
2023/2/8, 10, 7, 
2023/2/9, 32, 6, 
2023/2/10, 34, 7, 
2023/2/11, 7, 7, 
2023/2/12, 7, 8, 
2023/2/13, 9, 12, 
2023/2/14, 25, 9, 
2023/2/15, 11, 9, 
2023/2/16, 13, 9, 
2023/2/17, 9, 2, 
2023/2/18, 22, 4, 
2023/2/19, 28, 8, 
2023/2/20, 14, 6, 
2023/2/21, 6, 9, 
2023/2/22, 42, 12, 
2023/2/23, 11, 5, 
2023/2/24, 5, 3, 
2023/2/25, 6, 5, 
2023/2/26, 13, 13, 
2023/2/27, 11, 11, 
2023/2/28, 29, 10, 
2023/3/1, 41, 8, 
2023/3/2, 35, 6, 
2023/3/3, 37, 2, 
2023/3/4, 20, 4, 
2023/3/5, 12, 7, 
2023/3/6, 13, 8, 
2023/3/7, 18, 6, 
2023/3/8, 5, 18, 
2023/3/9, 9, 16, 
2023/3/10, 8, 11, 
2023/3/11, 7, 6, 
2023/3/12, 7, 10, 
2023/3/13, 6, 8, 
2023/3/14, 5, 9, 
2023/3/15, 30, 14, 
2023/3/16, 63, 8, 
2023/3/17, 34, 10, 
2023/3/18, 16, 7, 
2023/3/19, 11, 7, 
2023/3/20, 5, 9, 
2023/3/21, 34, 8, 
2023/3/22, 11, 9, 
2023/3/23, 48, 7, 
2023/3/24, 32, 1, 
2023/3/25, 4, , 
2023/3/26, 10, 4, 
2023/3/27, 5, , 
2022/10/1, 9, 4, 
2022/10/2, 11, 10, 
2022/10/3, 14, 8, 
2022/10/4, 12, 7, 
2022/10/5, 14, 4, 
2022/10/6, 10, 5, 
2022/10/7, 15, 4, 
2022/10/8, 10, 6, 
2022/10/9, 7, 6, 
2022/10/10, 12, 6, 
2022/10/11, 8, 11, 
2022/10/12, 12, 11, 
2022/10/13, 17, 12, 
2022/10/14, 21, 8, 
2022/10/15, 15, 4, 
2022/10/16, 7, 7, 
2022/10/17, 11, 8, 
2022/10/18, 6, 8, 
2022/10/19, 8, 12, 
2022/10/20, 11, 11, 
2022/10/21, 12, 8, 
2022/10/22, 11, 6, 
2022/10/23, 7, 3, 
2022/10/24, 4, 9, 
2022/10/25, 12, 5, 
2022/10/26, 8, 9, 
2022/10/27, 20, 9, 
2022/10/28, 13, 3, 
2022/10/29, 7, 10, 
2022/10/30, 10, 11, 
2022/10/31, 16, 9, 
2022/11/1, 14, 10, 
2022/11/2, 15, 11, 
2022/11/3, 16, 5, 
2022/11/4, 10, 2, 
2022/11/5, 7, 5, 
2022/11/6, 7, 8, 
2022/11/7, 10, 8, 
2022/11/8, 7, 9, 
2022/11/9, 17, 8, 
2022/11/10, 18, 4, 
2022/11/11, 14, 5, 
2022/11/12, 17, 10, 
2022/11/13, 16, 7, 
2022/11/14, 13, 2, 
2022/11/15, 5, 2, 
2022/11/16, 4, 2, 
2022/11/17, 4, 2, 
2022/11/18, 5, 2, 
2022/11/19, 6, 2, 
2022/11/20, 3, 3, 
2022/11/21, 5, 5, 
2022/11/22, 7, 4, 
2022/11/23, 5, 5, 
2022/11/24, 6, 6, 
2022/11/25, 7, 4, 
2022/11/26, 6, 5, 
2022/11/27, 6, 6, 
2022/11/28, 6, 6, 
2022/11/29, 6, 9, 
2022/11/30, 9, 7, 
2022/12/1, 6, 5, 
2022/12/2, 8, 3, 
2022/12/3, 10, 4, 
2022/12/4, 10, 9, 
2022/12/5, 20, 12, 
2022/12/6, 23, 11, 
2022/12/7, 12, 14, 
2022/12/8, 21, 11, 
2022/12/9, 6, 7, 
2022/12/10, 7, 5, 
2022/12/11, 6, 4, 
2022/12/12, 5, 6, 
2022/12/13, 5, 10, 
2022/12/14, 5, 14, 
2022/12/15, 7, 16, 
2022/12/16, 9, 10, 
2022/12/17, 8, 5, 
2022/12/18, 8, 12, 
2022/12/19, 12, 11, 
2022/12/20, 9, 9, 
2022/12/21, 8, 10, 
2022/12/22, 7, 7, 
2022/12/23, 7, 7, 
2022/12/24, 11, 7, 
2022/12/25, 8, 3, 
2022/12/26, 5, 5, 
2022/12/27, 5, 10, 
2022/12/28, 16, 5, 
2022/12/29, 5, , 
2022/12/30, 11, 3, 
2022/12/31, 10, 7, 
2023/1/1, 15, 10, 
2022/7/1, 13, 5, 
2022/7/2, 11, 6, 
2022/7/3, 13, 9, 
2022/7/4, 13, 4, 
2022/7/5, 10, 6, 
2022/7/6, 11, 3, 
2022/7/7, 8, 4, 
2022/7/8, 13, 2, 
2022/7/9, 8, 2, 
2022/7/10, 7, 3, 
2022/7/11, 9, 4, 
2022/7/12, 8, 6, 
2022/7/13, 13, 5, 
2022/7/14, 8, 3, 
2022/7/15, 7, 3, 
2022/7/16, 6, 2, 
2022/7/17, 6, 6, 
2022/7/18, 13, 4, 
2022/7/19, 11, , 
2022/7/20, 16, , 
2022/7/21, 23, 3, 
2022/7/22, 17, 2, 
2022/7/23, 6, 3, 
2022/7/24, 8, 7, 
2022/7/25, 15, 5, 
2022/7/26, 9, 4, 
2022/7/27, 8, 4, 
2022/7/28, 6, 8, 
2022/7/29, 10, 6, 
2022/7/30, 11, 5, 
2022/7/31, 10, 7, 
2022/8/1, 13, 5, 
2022/8/2, 12, 5, 
2022/8/3, 13, 6, 
2022/8/4, 15, 10, 
2022/8/5, 16, 7, 
2022/8/6, 15, 6, 
2022/8/7, 13, 6, 
2022/8/8, 12, 7, 
2022/8/9, 13, 7, 
2022/8/10, 14, 6, 
2022/8/11, 23, 6, 
2022/8/12, 16, 6, 
2022/8/13, 11, 6, 
2022/8/14, 15, 5, 
2022/8/15, 17, , 
2022/8/17, 25, 6, 
2022/8/18, 15, 6, 
2022/8/19, 25, 7, 
2022/8/20, 19, 5, 
2022/8/21, 11, 6, 
2022/8/22, 11, 6, 
2022/8/23, 11, 5, 
2022/8/24, 8, 8, 
2022/8/25, 8, 5, 
2022/8/26, 9, 6, 
2022/8/27, 22, 1, 
2022/8/28, 4, 2, 
2022/8/29, 5, 3, 
2022/8/30, 7, 5, 
2022/8/31, 8, 4, 
2022/9/1, 6, 4, 
2022/9/2, 6, 7, 
2022/9/3, 9, 4, 
2022/9/4, 6, 6, 
2022/9/5, 8, 9, 
2022/9/6, 12, 3, 
2022/9/7, 6, 5, 
2022/9/8, 7, 4, 
2022/9/9, 8, 5, 
2022/9/10, 13, 5, 
2022/9/11, 12, 11, 
2022/9/12, 20, 9, 
2022/9/13, 8, 7, 
2022/9/14, 7, 6, 
2022/9/15, 8, 6, 
2022/9/16, 6, 4, 
2022/9/17, 5, 3, 
2022/9/18, 5, 4, 
2022/9/19, 6, 4, 
2022/9/20, 6, 9, 
2022/9/21, 13, 12, 
2022/9/22, 16, 13, 
2022/9/23, 16, 12, 
2022/9/24, 15, 9, 
2022/9/25, 11, 10, 
2022/9/26, 10, 5, 
2022/9/27, 10, 2, 
2022/9/28, 8, 3, 
2022/9/29, 6, 11, 
2022/9/30, 13, 9, 
2022/4/1, 9, 10, 
2022/4/2, 22, 6, 
2022/4/3, 18, 11, 
2022/4/4, 8, 5, 
2022/4/5, 14, 8, 
2022/4/6, 30, 4, 
2022/4/7, 3, 9, 
2022/4/8, 8, 9, 
2022/4/9, 5, 5, 
2022/4/10, 20, 9, 
2022/4/11, 40, 12, 
2022/4/12, 60, 14, 
2022/4/13, 51, 4, 
2022/4/14, 6, 1, 
2022/4/15, 5, 6, 
2022/4/16, 14, 7, 
2022/4/17, 18, 6, 
2022/4/18, 21, 5, 
2022/4/19, 12, 5, 
2022/4/20, 13, 3, 
2022/4/21, 9, 3, 
2022/4/22, 9, 2, 
2022/4/23, 7, 1, 
2022/4/24, 4, 6, 
2022/4/25, 13, 4, 
2022/4/26, 9, 6, 
2022/4/27, 14, 9, 
2022/4/28, 18, 8, 
2022/4/29, 17, 8, 
2022/4/30, 17, 5, 
2022/5/1, 13, 7, 
2022/5/2, 26, 4, 
2022/5/3, 12, 9, 
2022/5/4, 16, 11, 
2022/5/5, 21, 9, 
2022/5/6, 21, 5, 
2022/5/7, 10, 4, 
2022/5/8, 12, 9, 
2022/5/9, 22, 10, 
2022/5/10, 30, 7, 
2022/5/11, 16, 6, 
2022/5/12, 20, 6, 
2022/5/13, 18, 5, 
2022/5/14, 9, 4, 
2022/5/15, 10, 4, 
2022/5/16, 11, 4, 
2022/5/17, 12, 8, 
2022/5/18, 22, 8, 
2022/5/19, 21, 4, 
2022/5/20, 9, 3, 
2022/5/21, 7, , 
2022/5/23, 15, 6, 
2022/5/24, 15, 13, 
2022/5/25, 22, 6, 
2022/5/26, 16, 6, 
2022/5/27, 9, 5, 
2022/5/28, 6, 4, 
2022/5/29, 9, 3, 
2022/5/30, 8, 6, 
2022/5/31, 8, 8, 
2022/6/1, 12, 8, 
2022/6/2, 7, 8, 
2022/6/3, 17, 5, 
2022/6/4, 14, 3, 
2022/6/5, 11, 2, 
2022/6/6, 6, 7, 
2022/6/7, 11, 8, 
2022/6/8, 17, 9, 
2022/6/9, 17, 11, 
2022/6/10, 21, 7, 
2022/6/11, 15, 4, 
2022/6/12, 15, 6, 
2022/6/13, 15, 5, 
2022/6/14, 13, 6, 
2022/6/15, 13, 7, 
2022/6/16, 14, 7, 
2022/6/17, 15, 5, 
2022/6/18, 12, 3, 
2022/6/19, 9, 3, 
2022/6/20, 8, 8, 
2022/6/21, 12, 8, 
2022/6/22, 16, 6, 
2022/6/23, 17, 4, 
2022/6/24, 11, 5, 
2022/6/25, 17, 6, 
2022/6/26, 19, 10, 
2022/6/27, 23, 8, 
2022/6/28, 21, 5, 
2022/6/29, 14, 4, 
2022/6/30, 16, 7, 
2022/1/3, 6, 6, 
2022/1/4, 4, 6, 
2022/1/5, 3, 5, 
2022/1/6, 3, 8, 
2022/1/7, 4, 7, 
2022/1/8, 6, 4, 
2022/1/9, 5, 3, 
2022/1/10, 6, 9, 
2022/1/11, 9, 6, 
2022/1/12, 9, 3, 
2022/1/13, 5, 2, 
2022/1/14, 29, 5, 
2022/1/15, 38, 4, 
2022/1/16, 15, 4, 
2022/1/17, 32, 7, 
2022/1/18, 43, 5, 
2022/1/19, 9, 4, 
2022/1/20, 3, 6, 
2022/1/21, 6, 9, 
2022/1/22, 9, 6, 
2022/1/23, 6, 6, 
2022/1/24, 7, 16, 
2022/1/25, 10, 12, 
2022/1/26, 9, 10, 
2022/1/27, 6, 6, 
2022/1/28, 29, 6, 
2022/1/29, 10, 1, 
2022/1/30, 4, 5, 
2022/1/31, 10, 8, 
2022/2/1, 23, 10, 
2022/2/2, 31, 8, 
2022/2/3, 9, 9, 
2022/2/4, 5, 8, 
2022/2/5, 10, 5, 
2022/2/6, 17, 8, 
2022/2/7, 18, 10, 
2022/2/8, 8, 7, 
2022/2/9, 12, 7, 
2022/2/10, 28, 10, 
2022/2/11, 45, 6, 
2022/2/12, 40, 5, 
2022/2/13, 29, 12, 
2022/2/14, 11, 10, 
2022/2/15, 20, 10, 
2022/2/16, 15, 5, 
2022/2/17, 15, 12, 
2022/2/18, 45, 7, 
2022/2/19, 6, 7, 
2022/2/20, 9, 3, 
2022/2/21, 3, 10, 
2022/2/22, 6, 14, 
2022/2/23, 9, 10, 
2022/2/24, 8, 11, 
2022/2/25, 11, 11, 
2022/2/26, 71, 6, 
2022/2/27, 61, 10, 
2022/2/28, 45, 9, 
2022/3/1, 50, 9, 
2022/3/2, 27, 4, 
2022/3/3, 20, 11, 
2022/3/4, 30, 8, 
2022/3/5, 38, 6, 
2022/3/6, 26, 10, 
2022/3/7, 29, 15, 
2022/3/8, 45, 13, 
2022/3/9, 26, 10, 
2022/3/10, 30, 12, 
2022/3/11, 37, 14, 
2022/3/12, 51, 14, 
2022/3/13, 37, 18, 
2022/3/14, 51, 10, 
2022/3/15, 32, 19, 
2022/3/16, 41, 11, 
2022/3/17, 35, 11, 
2022/3/18, 28, 11, 
2022/3/19, 31, 11, 
2022/3/20, 40, 15, 
2022/3/21, 45, 16, 
2022/3/22, 48, 10, 
2022/3/23, 41, 11, 
2022/3/24, 39, 8, 
2022/3/25, 34, 2, 
2022/3/26, 42, 7, 
2022/3/27, 27, 4, 
2022/3/28, 37, 4, 
2022/3/29, 14, 9, 
2022/3/30, 19, 14, 
2022/3/31, 22, 7, 
2021/10/1, 11, 5, 
2021/10/2, 15, 3, 
2021/10/3, 20, 9, 
2021/10/4, 21, 8, 
2021/10/5, 12, 8, 
2021/10/6, 19, 8, 
2021/10/7, 12, 10, 
2021/10/8, 14, 7, 
2021/10/9, 13, 5, 
2021/10/10, 13, 8, 
2021/10/11, 13, 8, 
2021/10/12, 6, 10, 
2021/10/13, 8, 13, 
2021/10/14, 12, 7, 
2021/10/15, 8, 6, 
2021/10/16, 7, 6, 
2021/10/17, 6, 10, 
2021/10/18, 10, 18, 
2021/10/19, 15, 7, 
2021/10/20, 8, 8, 
2021/10/21, 8, 7, 
2021/10/22, 7, 7, 
2021/10/23, 9, 8, 
2021/10/24, 12, 7, 
2021/10/25, 12, 9, 
2021/10/26, 16, 11, 
2021/10/27, 10, 9, 
2021/10/28, 9, 10, 
2021/10/29, 17, 8, 
2021/10/30, 21, 6, 
2021/10/31, 23, 7, 
2021/11/1, 19, 5, 
2021/11/2, 26, 4, 
2021/11/3, 20, 8, 
2021/11/4, 9, 6, 
2021/11/5, 9, 7, 
2021/11/6, 11, 4, 
2021/11/7, 7, 6, 
2021/11/8, 7, 10, 
2021/11/9, 12, 8, 
2021/11/10, 9, 8, 
2021/11/11, 17, 11, 
2021/11/12, 13, 11, 
2021/11/13, 13, 5, 
2021/11/14, 9, 10, 
2021/11/15, 21, 10, 
2021/11/16, 27, 9, 
2021/11/17, 20, 10, 
2021/11/18, 12, 11, 
2021/11/19, 9, 5, 
2021/11/20, 17, 5, 
2021/11/21, 10, 9, 
2021/11/22, 16, 10, 
2021/11/23, 7, 12, 
2021/11/24, 8, 9, 
2021/11/25, 7, 7, 
2021/11/26, 15, 4, 
2021/11/27, 8, 2, 
2021/11/28, 8, 6, 
2021/11/29, 11, 9, 
2021/11/30, 17, 9, 
2021/12/1, 21, 5, 
2021/12/2, 5, 12, 
2021/12/3, 7, 9, 
2021/12/4, 9, 2, 
2021/12/5, 4, 12, 
2021/12/6, 8, 24, 
2021/12/7, 15, 13, 
2021/12/8, 10, 4, 
2021/12/9, 6, 5, 
2021/12/10, 6, 9, 
2021/12/11, 10, 15, 
2021/12/12, 16, 12, 
2021/12/13, 8, 6, 
2021/12/14, 6, 8, 
2021/12/15, 7, 7, 
2021/12/16, 17, 9, 
2021/12/17, 23, 5, 
2021/12/18, 13, 3, 
2021/12/19, 15, 5, 
2021/12/20, 14, 11, 
2021/12/21, 14, 21, 
2021/12/22, 34, 5, 
2021/12/23, 12, 3, 
2021/12/24, 3, 3, 
2021/12/25, 3, 7, 
2021/12/26, 5, 9, 
2021/12/27, 6, 9, 
2021/12/28, 8, 12, 
2021/12/29, 20, 7, 
2021/12/30, 12, 4, 
2021/12/31, 5, 3, 
2022/1/1, 12, 5, 
2022/1/2, 8, 8, 
2021/7/1, 10, 2, 
2021/7/2, 12, 1, 
2021/7/3, 13, 3, 
2021/7/4, 15, 2, 
2021/7/5, 15, 4, 
2021/7/6, 14, 9, 
2021/7/7, 16, 7, 
2021/7/8, 17, 5, 
2021/7/9, 15, 3, 
2021/7/10, 14, 3, 
2021/7/11, 10, 5, 
2021/7/12, 15, 4, 
2021/7/13, 12, 3, 
2021/7/14, 13, 9, 
2021/7/15, 20, 3, 
2021/7/16, 14, 4, 
2021/7/17, 18, 3, 
2021/7/18, 12, 3, 
2021/7/19, 7, 3, 
2021/7/20, 11, 4, 
2021/7/21, 8, 6, 
2021/7/22, 17, 2, 
2021/7/23, 9, 4, 
2021/7/24, 17, 5, 
2021/7/25, 13, 3, 
2021/7/26, 13, 2, 
2021/7/27, 19, 6, 
2021/7/28, 17, 7, 
2021/7/29, 13, 6, 
2021/7/30, 10, 7, 
2021/7/31, 12, 4, 
2021/8/1, 11, 4, 
2021/8/2, 12, 3, 
2021/8/3, 9, 7, 
2021/8/4, 12, 8, 
2021/8/5, 11, 3, 
2021/8/6, 9, 1, 
2021/8/7, 11, 7, 
2021/8/8, 2, 6, 
2021/8/9, 8, 7, 
2021/8/10, 13, 9, 
2021/8/11, 13, 7, 
2021/8/12, 15, 8, 
2021/8/13, 18, 4, 
2021/8/14, 12, 4, 
2021/8/15, 6, 5, 
2021/8/16, 8, 7, 
2021/8/17, 7, 8, 
2021/8/18, 6, 6, 
2021/8/19, 6, 8, 
2021/8/20, 10, 6, 
2021/8/21, 9, 5, 
2021/8/22, 10, 3, 
2021/8/23, 8, 5, 
2021/8/24, 10, 4, 
2021/8/25, 7, 2, 
2021/8/26, 4, 2, 
2021/8/27, 6, 1, 
2021/8/28, 10, 1, 
2021/8/29, 11, 2, 
2021/8/30, 10, 4, 
2021/8/31, 10, 5, 
2021/9/1, 11, 7, 
2021/9/2, 11, 5, 
2021/9/3, 10, 6, 
2021/9/4, 9, 8, 
2021/9/5, 11, 9, 
2021/9/6, 16, 10, 
2021/9/7, 16, 7, 
2021/9/8, 16, 8, 
2021/9/9, 16, 4, 
2021/9/10, 11, 7, 
2021/9/11, 13, 5, 
2021/9/12, 11, 5, 
2021/9/13, 6, 9, 
2021/9/14, 11, 5, 
2021/9/15, 8, 3, 
2021/9/16, 7, 2, 
2021/9/17, 8, 2, 
2021/9/18, 7, 2, 
2021/9/19, 7, 4, 
2021/9/20, 9, 16, 
2021/9/21, 15, 12, 
2021/9/22, 14, 9, 
2021/9/23, 10, 6, 
2021/9/24, 5, 7, 
2021/9/25, 11, 11, 
2021/9/26, 12, 5, 
2021/9/27, 8, 5, 
2021/9/28, 9, 4, 
2021/9/29, 16, 3, 
2021/9/30, 23, 8, 
2021/4/1, 34, 3, 
2021/4/2, 31, 2, 
2021/4/3, 15, 2, 
2021/4/4, 33, 1, 
2021/4/5, 20, 3, 
2021/4/6, 28, 4, 
2021/4/7, 21, 9, 
2021/4/8, 43, 5, 
2021/4/9, 19, 3, 
2021/4/10, 15, 4, 
2021/4/11, 22, 7, 
2021/4/12, 23, 8, 
2021/4/13, 40, 6, 
2021/4/14, 18, 8, 
2021/4/15, 31, 2, 
2021/4/16, 17, 2, 
2021/4/17, 11, 2, 
2021/4/18, 11, 4, 
2021/4/19, 16, 6, 
2021/4/20, 16, 11, 
2021/4/21, 27, 7, 
2021/4/22, 10, 4, 
2021/4/23, 11, 3, 
2021/4/24, 8, 2, 
2021/4/25, 8, 3, 
2021/4/26, 10, 5, 
2021/4/27, 11, 12, 
2021/4/28, 21, 6, 
2021/4/29, 12, 8, 
2021/4/30, 13, 4, 
2021/5/1, 11, 3, 
2021/5/2, 9, 7, 
2021/5/3, 19, 4, 
2021/5/4, 14, 2, 
2021/5/5, 2, 3, 
2021/5/6, 3, 4, 
2021/5/7, 11, 5, 
2021/5/8, 20, 6, 
2021/5/9, 19, 10, 
2021/5/10, 19, 10, 
2021/5/11, 29, 7, 
2021/5/12, 25, 4, 
2021/5/13, 23, 7, 
2021/5/14, 20, 5, 
2021/5/15, 9, 4, 
2021/5/16, 8, 5, 
2021/5/17, 11, 10, 
2021/5/18, 18, 8, 
2021/5/19, 21, 7, 
2021/5/20, 19, 8, 
2021/5/21, 17, 7, 
2021/5/22, 14, 7, 
2021/5/23, 14, 5, 
2021/5/24, 8, 3, 
2021/5/25, 10, 4, 
2021/5/26, 4, 6, 
2021/5/27, 2, 6, 
2021/5/28, 9, 6, 
2021/5/29, 11, 8, 
2021/5/30, 17, 7, 
2021/5/31, 17, 2, 
2021/6/1, 10, 4, 
2021/6/2, 13, 7, 
2021/6/3, 19, 6, 
2021/6/4, 17, 6, 
2021/6/5, 19, 3, 
2021/6/6, 13, 9, 
2021/6/7, 25, 9, 
2021/6/8, 19, 11, 
2021/6/9, 15, 12, 
2021/6/10, 18, 12, 
2021/6/11, 19, 4, 
2021/6/12, 10, 3, 
2021/6/13, 8, 5, 
2021/6/14, 15, 5, 
2021/6/15, 11, 8, 
2021/6/16, 17, 9, 
2021/6/17, 22, 12, 
2021/6/18, 27, 7, 
2021/6/19, 18, 6, 
2021/6/20, 24, 9, 
2021/6/21, 20, 8, 
2021/6/22, 24, 6, 
2021/6/23, 10, 4, 
2021/6/24, 14, 3, 
2021/6/25, 11, 2, 
2021/6/26, 7, 5, 
2021/6/27, 11, 11, 
2021/6/28, 17, 7, 
2021/6/29, 20, 1, 
2021/6/30, 16, 1, 
2021/1/12, 4, 8, 
2021/1/13, 5, 6, 
2021/1/14, 6, 10, 
2021/1/15, 5, 6, 
2021/1/16, 4, 7, 
2021/1/17, 4, 14, 
2021/1/18, 7, 13, 
2021/1/19, 9, 5, 
2021/1/20, 13, 10, 
2021/1/21, 8, 8, 
2021/1/22, 6, , 
2021/1/24, 13, 8, 
2021/1/25, 5, 8, 
2021/1/26, 4, 8, 
2021/1/27, 5, 9, 
2021/1/28, 6, 5, 
2021/1/29, 4, , 
2021/2/1, 9, 15, 
2021/2/2, 8, 8, 
2021/2/3, 7, 9, 
2021/2/4, 7, 11, 
2021/2/5, 9, 7, 
2021/2/6, 6, 8, 
2021/2/7, 5, 10, 
2021/2/8, 5, 5, 
2021/2/9, 5, 12, 
2021/2/10, 7, 11, 
2021/2/11, 5, 18, 
2021/2/12, 7, 8, 
2021/2/13, 6, 7, 
2021/2/14, 6, 16, 
2021/2/15, 9, 12, 
2021/2/16, 6, 3, 
2021/2/17, 3, 9, 
2021/2/18, 7, 10, 
2021/2/19, 16, 6, 
2021/2/20, 11, 8, 
2021/2/21, 11, 5, 
2021/2/22, 13, 8, 
2021/2/23, 11, 8, 
2021/2/24, 10, 5, 
2021/2/25, 18, 5, 
2021/2/26, 39, 4, 
2021/2/27, 47, 6, 
2021/2/28, 50, 10, 
2021/3/1, 63, 12, 
2021/3/2, 55, 9, 
2021/3/3, 24, 6, 
2021/3/4, 28, 10, 
2021/3/5, 25, 4, 
2021/3/6, 26, 2, 
2021/3/7, 18, 6, 
2021/3/8, 21, 7, 
2021/3/9, 21, 4, 
2021/3/10, 7, 10, 
2021/3/11, 12, 7, 
2021/3/12, 5, 6, 
2021/3/13, 34, 4, 
2021/3/14, 37, 10, 
2021/3/15, 59, 8, 
2021/3/16, 35, 11, 
2021/3/17, 43, 6, 
2021/3/18, 26, 4, 
2021/3/19, 15, 4, 
2021/3/20, 23, 2, 
2021/3/21, 12, 7, 
2021/3/22, 30, 9, 
2021/3/23, 40, 5, 
2021/3/24, 29, 6, 
2021/3/25, 22, 7, 
2021/3/26, 26, 6, 
2021/3/27, 27, 4, 
2021/3/28, 13, 6, 
2021/3/29, 12, 5, 
2021/3/30, 19, 5, 
2021/3/31, 8, 7, 
2020/10/1, 15, 4, 
2020/10/2, 65, 2, 
2020/10/3, 58, 1, 
2020/10/4, 36, 6, 
2020/10/5, 13, 6, 
2020/10/6, 9, 9, 
2020/10/7, 10, 8, 
2020/10/8, 11, 8, 
2020/10/9, 9, 7, 
2020/10/10, 10, 7, 
2020/10/11, 7, 6, 
2020/10/12, 7, 6, 
2020/10/13, 7, 2, 
2020/10/14, 4, 4, 
2020/10/15, 6, 8, 
2020/10/16, 6, 8, 
2020/10/17, 7, 3, 
2020/10/18, 5, 6, 
2020/10/19, 7, 11, 
2020/10/20, 10, 14, 
2020/10/21, 23, 9, 
2020/10/22, 7, 8, 
2020/10/23, 7, 8, 
2020/10/24, 8, 6, 
2020/10/25, 11, 12, 
2020/10/26, 12, 10, 
2020/10/27, 14, 10, 
2020/10/28, 14, 14, 
2020/10/29, 17, 14, 
2020/10/30, 18, 10, 
2020/10/31, 11, 4, 
2020/11/1, 9, 5, 
2020/11/2, 7, 7, 
2020/11/3, 10, 9, 
2020/11/4, 17, 6, 
2020/11/5, 15, 8, 
2020/11/6, 15, 5, 
2020/11/7, 15, 6, 
2020/11/8, 11, 8, 
2020/11/9, 16, 8, 
2020/11/10, 17, 13, 
2020/11/11, 23, 10, 
2020/11/12, 24, 6, 
2020/11/13, 9, 9, 
2020/11/14, 10, 5, 
2020/11/15, 13, 6, 
2020/11/16, 23, 8, 
2020/11/17, 15, 7, 
2020/11/18, 11, 4, 
2020/11/19, 13, 8, 
2020/11/20, 18, 5, 
2020/11/21, 4, 3, 
2020/11/22, 12, 5, 
2020/11/23, 10, 10, 
2020/11/24, 9, 8, 
2020/11/25, 11, 6, 
2020/11/26, 11, 7, 
2020/11/27, 16, 4, 
2020/11/28, 6, 4, 
2020/11/29, 6, 10, 
2020/11/30, 18, 9, 
2020/12/1, 19, 9, 
2020/12/2, 21, 6, 
2020/12/3, 25, 4, 
2020/12/4, 6, 6, 
2020/12/5, 18, 4, 
2020/12/6, 26, 4, 
2020/12/7, 16, 4, 
2020/12/8, 19, 5, 
2020/12/9, 9, 4, 
2020/12/10, 17, 3, 
2020/12/11, 15, 3, 
2020/12/12, 8, 3, 
2020/12/13, 11, , 
2020/7/1, 11, 8, 
2020/7/2, 15, 7, 
2020/7/3, 14, 4, 
2020/7/4, 11, 5, 
2020/7/5, 6, 3, 
2020/7/6, 10, 4, 
2020/7/7, 7, 9, 
2020/7/8, 8, 5, 
2020/7/9, 8, 4, 
2020/7/10, 10, 3, 
2020/7/11, 9, 4, 
2020/7/12, 8, 4, 
2020/7/13, 9, 6, 
2020/7/14, 14, 5, 
2020/7/15, 13, 4, 
2020/7/16, 12, 9, 
2020/7/17, 15, 4, 
2020/7/18, 12, 5, 
2020/7/19, 14, 7, 
2020/7/20, 15, 3, 
2020/7/21, 8, 3, 
2020/7/22, 7, 3, 
2020/7/23, 9, 5, 
2020/7/24, 7, 5, 
2020/7/25, 8, 4, 
2020/7/26, 11, 4, 
2020/7/27, 10, 4, 
2020/7/28, 12, 5, 
2020/7/29, 10, 5, 
2020/7/30, 8, 8, 
2020/7/31, 6, 8, 
2020/8/1, 16, 5, 
2020/8/2, 14, 3, 
2020/8/3, 10, 4, 
2020/8/4, 8, 4, 
2020/8/5, 11, 6, 
2020/8/6, 13, 10, 
2020/8/7, 28, 6, 
2020/8/8, 20, 4, 
2020/8/9, 14, 1, 
2020/8/10, 9, 2, 
2020/8/11, 9, 9, 
2020/8/12, 15, 4, 
2020/8/13, 15, 7, 
2020/8/14, 18, 8, 
2020/8/15, 18, 5, 
2020/8/16, 15, 4, 
2020/8/17, 13, 12, 
2020/8/18, 19, 10, 
2020/8/19, 20, 8, 
2020/8/20, 19, 9, 
2020/8/21, 18, 5, 
2020/8/22, 14, 3, 
2020/8/23, 10, 5, 
2020/8/24, 11, 8, 
2020/8/25, 11, 6, 
2020/8/26, 11, 4, 
2020/8/27, 10, 7, 
2020/8/28, 11, 3, 
2020/8/29, 8, 3, 
2020/8/30, 7, 5, 
2020/8/31, 8, 2, 
2020/9/1, 7, 3, 
2020/9/2, 12, 4, 
2020/9/3, 13, 9, 
2020/9/4, 15, 3, 
2020/9/5, 14, 4, 
2020/9/6, 9, 7, 
2020/9/7, 11, 6, 
2020/9/8, 11, 6, 
2020/9/9, 11, 6, 
2020/9/10, 8, 9, 
2020/9/11, 12, 4, 
2020/9/12, 11, 3, 
2020/9/13, 12, 6, 
2020/9/14, 11, 7, 
2020/9/15, 16, 5, 
2020/9/16, 11, 4, 
2020/9/17, 9, 9, 
2020/9/18, 14, 7, 
2020/9/19, 10, 6, 
2020/9/20, 11, 6, 
2020/9/21, 10, 8, 
2020/9/22, 11, 15, 
2020/9/23, 24, 17, 
2020/9/24, 27, 8, 
2020/9/25, 14, 3, 
2020/9/26, 25, 2, 
2020/9/27, 31, 3, 
2020/9/28, 37, 8, 
2020/9/29, 16, 9, 
2020/9/30, 11, 4, 
2020/4/1, 20, 6, 
2020/4/2, 24, 5, 
2020/4/3, 23, 8, 
2020/4/4, 20, 8, 
2020/4/5, 22, 14, 
2020/4/6, 32, 9, 
2020/4/7, 35, 9, 
2020/4/8, 27, 6, 
2020/4/9, 19, 4, 
2020/4/10, 12, 5, 
2020/4/11, 12, 3, 
2020/4/12, 13, 2, 
2020/4/13, 13, 5, 
2020/4/14, 13, 7, 
2020/4/15, 18, 4, 
2020/4/16, 20, 6, 
2020/4/17, 10, 4, 
2020/4/18, 8, 4, 
2020/4/19, 6, 8, 
2020/4/20, 13, 7, 
2020/4/21, 12, 6, 
2020/4/22, 13, 8, 
2020/4/23, 16, 4, 
2020/4/24, 8, 4, 
2020/4/25, 6, 3, 
2020/4/26, 7, 5, 
2020/4/27, 14, 2, 
2020/4/28, 5, 4, 
2020/4/29, 11, 3, 
2020/4/30, 11, 3, 
2020/5/1, 8, 5, 
2020/5/2, 14, 6, 
2020/5/3, 14, 5, 
2020/5/4, 10, 6, 
2020/5/5, 10, 13, 
2020/5/6, 22, 7, 
2020/5/7, 16, 10, 
2020/5/8, 26, 4, 
2020/5/9, 10, 4, 
2020/5/10, 18, 3, 
2020/5/11, 8, 8, 
2020/5/12, 13, 7, 
2020/5/13, 8, 11, 
2020/5/14, 19, 10, 
2020/5/15, 17, 5, 
2020/5/16, 14, 4, 
2020/5/17, 17, 8, 
2020/5/18, 14, 7, 
2020/5/19, 18, 7, 
2020/5/20, 12, 5, 
2020/5/21, 11, 6, 
2020/5/22, 12, 6, 
2020/5/23, 14, 5, 
2020/5/24, 15, 4, 
2020/5/25, 13, 11, 
2020/5/26, 20, 8, 
2020/5/27, 19, 6, 
2020/5/28, 11, 7, 
2020/5/29, 14, 4, 
2020/5/30, 12, 1, 
2020/5/31, 9, 4, 
2020/6/1, 15, 5, 
2020/6/2, 15, 3, 
2020/6/3, 16, 3, 
2020/6/4, 18, 4, 
2020/6/5, 12, 4, 
2020/6/6, 7, 4, 
2020/6/7, 12, 10, 
2020/6/8, 17, 7, 
2020/6/9, 14, 3, 
2020/6/10, 9, 2, 
2020/6/11, 10, 2, 
2020/6/12, 13, 2, 
2020/6/13, 11, 2, 
2020/6/14, 10, 5, 
2020/6/15, 15, 12, 
2020/6/16, 13, 7, 
2020/6/17, 10, 9, 
2020/6/18, 15, 4, 
2020/6/19, 12, 1, 
2020/6/20, 12, , 
2020/6/22, 12, 11, 
2020/6/23, 18, 16, 
2020/6/24, 23, 16, 
2020/6/25, 24, 16, 
2020/6/26, 24, 7, 
2020/6/27, 20, 3, 
2020/6/28, 18, 8, 
2020/6/29, 18, 9, 
2020/6/30, 16, 8, 
2020/1/1, 18, 6, 
2020/1/2, 14, 7, 
2020/1/3, 15, 6, 
2020/1/4, 20, 9, 
2020/1/5, 21, 9, 
2020/1/6, 8, 12, 
2020/1/7, 13, 7, 
2020/1/8, 22, 18, 
2020/1/9, 19, 14, 
2020/1/10, 17, 11, 
2020/1/11, 24, 6, 
2020/1/12, 8, 17, 
2020/1/13, 13, 12, 
2020/1/14, 14, 12, 
2020/1/15, 16, 14, 
2020/1/16, 36, 17, 
2020/1/17, 24, 11, 
2020/1/18, 19, 11, 
2020/1/19, 22, 11, 
2020/1/20, 24, 15, 
2020/1/21, 21, 14, 
2020/1/22, 38, 26, 
2020/1/23, 39, 17, 
2020/1/24, 9, 16, 
2020/1/25, 28, 8, 
2020/1/26, 12, 17, 
2020/1/27, 18, 9, 
2020/1/28, 9, 10, 
2020/1/29, 7, 26, 
2020/1/30, 16, 10, 
2020/1/31, 12, 22, 
2020/2/1, 10, 8, 
2020/2/2, 18, 17, 
2020/2/3, 26, 15, 
2020/2/4, 23, 12, 
2020/2/5, 16, 12, 
2020/2/6, 26, 19, 
2020/2/7, 19, 8, 
2020/2/8, 8, 7, 
2020/2/9, 10, 7, 
2020/2/10, 12, 13, 
2020/2/11, 37, 15, 
2020/2/12, 22, 15, 
2020/2/13, 31, 26, 
2020/2/14, 40, 10, 
2020/2/15, 14, 6, 
2020/2/16, 8, 8, 
2020/2/17, 27, 9, 
2020/2/18, 33, 15, 
2020/2/19, 27, 22, 
2020/2/20, 23, 14, 
2020/2/21, 32, 5, 
2020/2/22, 15, 5, 
2020/2/23, 24, 14, 
2020/2/24, 36, 11, 
2020/2/25, 20, 3, 
2020/2/26, 18, 5, 
2020/2/27, 8, 14, 
2020/2/28, 39, 14, 
2020/2/29, 18, 6, 
2020/3/1, 9, 16, 
2020/3/2, 25, 9, 
2020/3/3, 10, 8, 
2020/3/4, 6, 14, 
2020/3/5, 15, 18, 
2020/3/6, 26, 11, 
2020/3/7, 17, 10, 
2020/3/8, 25, 14, 
2020/3/9, 28, 18, 
2020/3/10, 14, 10, 
2020/3/11, 27, 12, 
2020/3/12, 26, 8, 
2020/3/13, 20, 8, 
2020/3/14, 25, 7, 
2020/3/15, 26, 8, 
2020/3/16, 16, 12, 
2020/3/17, 38, 11, 
2020/3/18, 16, 10, 
2020/3/19, 38, 8, 
2020/3/20, 18, 6, 
2020/3/21, 17, 8, 
2020/3/22, 20, 10, 
2020/3/23, 28, 12, 
2020/3/24, 28, 9, 
2020/3/25, 33, 11, 
2020/3/26, 29, 18, 
2020/3/27, 33, 5, 
2020/3/28, 21, 3, 
2020/3/29, 10, 4, 
2020/3/30, 13, 9, 
2020/3/31, 21, 8, 
2019/10/1, 8, 14, 
2019/10/2, 10, 4, 
2019/10/3, 7, 9, 
2019/10/4, 9, 5, 
2019/10/5, 8, 9, 
2019/10/6, 9, 16, 
2019/10/7, 14, 23, 
2019/10/8, 14, 11, 
2019/10/9, 12, 24, 
2019/10/10, 16, 17, 
2019/10/11, 17, 14, 
2019/10/12, 15, 12, 
2019/10/13, 13, 8, 
2019/10/14, 10, 9, 
2019/10/15, 9, 7, 
2019/10/16, 9, 9, 
2019/10/17, 9, 17, 
2019/10/18, 15, 12, 
2019/10/19, 14, 13, 
2019/10/20, 14, 10, 
2019/10/21, 12, 12, 
2019/10/22, 15, 18, 
2019/10/23, 20, 17, 
2019/10/24, 23, 14, 
2019/10/25, 25, 12, 
2019/10/26, 13, 12, 
2019/10/27, 8, 19, 
2019/10/28, 13, 18, 
2019/10/29, 17, 21, 
2019/10/30, 26, 20, 
2019/10/31, 30, 24, 
2019/11/1, 36, 13, 
2019/11/2, 32, 3, 
2019/11/3, 15, 5, 
2019/11/4, 7, 7, 
2019/11/5, 10, 6, 
2019/11/6, 12, 11, 
2019/11/7, 15, 9, 
2019/11/8, 10, 5, 
2019/11/9, 11, 7, 
2019/11/10, 5, 12, 
2019/11/11, 12, 19, 
2019/11/12, 14, 16, 
2019/11/13, 12, 11, 
2019/11/14, 8, 11, 
2019/11/15, 23, 2, 
2019/11/16, 16, 10, 
2019/11/17, 18, 9, 
2019/11/18, 19, 13, 
2019/11/19, 18, 11, 
2019/11/20, 13, , 
2019/11/22, 15, , 
2019/11/24, 20, 16, 
2019/11/25, 41, 11, 
2019/11/26, 34, 17, 
2019/11/27, 25, 17, 
2019/11/28, 13, 14, 
2019/11/29, 5, 11, 
2019/11/30, 22, 14, 
2019/12/1, 17, 26, 
2019/12/2, 11, 25, 
2019/12/3, 12, 21, 
2019/12/4, 9, 15, 
2019/12/5, 27, 18, 
2019/12/6, 14, 11, 
2019/12/7, 5, 13, 
2019/12/8, 7, 18, 
2019/12/9, 13, 28, 
2019/12/10, 9, 16, 
2019/12/11, 14, 20, 
2019/12/12, 15, 16, 
2019/12/13, 15, 7, 
2019/12/14, 8, 12, 
2019/12/15, 7, 20, 
2019/12/16, 11, 22, 
2019/12/17, 25, 13, 
2019/12/18, 10, 24, 
2019/12/19, 17, 15, 
2019/12/20, 17, 8, 
2019/12/21, 26, 13, 
2019/12/22, 17, 21, 
2019/12/23, 30, 17, 
2019/12/24, 20, 6, 
2019/12/25, 7, 5, 
2019/12/26, 7, 6, 
2019/12/27, 9, 13, 
2019/12/28, 13, 6, 
2019/12/29, 11, , 
2019/7/1, 17, 11, 
2019/7/2, 13, 18, 
2019/7/3, 11, 20, 
2019/7/4, 12, 11, 
2019/7/5, 9, 10, 
2019/7/6, 9, 3, 
2019/7/7, 8, 6, 
2019/7/8, 8, 5, 
2019/7/9, 9, 5, 
2019/7/10, 11, 6, 
2019/7/11, 11, 13, 
2019/7/12, 12, 11, 
2019/7/13, 11, 12, 
2019/7/14, 8, 12, 
2019/7/15, 14, 10, 
2019/7/16, 9, 8, 
2019/7/17, 9, 15, 
2019/7/18, 14, 16, 
2019/7/19, 14, 15, 
2019/7/20, 13, 10, 
2019/7/21, 12, 12, 
2019/7/22, 12, 11, 
2019/7/23, 12, 13, 
2019/7/24, 10, 17, 
2019/7/25, 14, 11, 
2019/7/26, 12, 5, 
2019/7/27, 14, 8, 
2019/7/28, 14, 5, 
2019/7/29, 13, 2, 
2019/7/30, 8, 5, 
2019/7/31, 6, 6, 
2019/8/1, 8, 13, 
2019/8/2, 14, 4, 
2019/8/3, 14, 6, 
2019/8/4, 8, 14, 
2019/8/5, 14, 17, 
2019/8/6, 13, 14, 
2019/8/7, 12, 19, 
2019/8/8, 14, 11, 
2019/8/9, 11, 12, 
2019/8/10, 10, 9, 
2019/8/11, 10, 19, 
2019/8/12, 13, 15, 
2019/8/13, 13, 16, 
2019/8/14, 12, 15, 
2019/8/15, 11, 20, 
2019/8/16, 16, 10, 
2019/8/17, 16, 10, 
2019/8/18, 13, 14, 
2019/8/19, 10, 13, 
2019/8/20, 13, 16, 
2019/8/21, 15, 18, 
2019/8/22, 15, 24, 
2019/8/23, 15, 11, 
2019/8/24, 18, 12, 
2019/8/25, 17, 27, 
2019/8/26, 20, 27, 
2019/8/27, 25, 15, 
2019/8/28, 25, 18, 
2019/8/29, 25, 19, 
2019/8/30, 19, 16, 
2019/8/31, 16, 12, 
2019/9/1, 19, 16, 
2019/9/2, 15, 16, 
2019/9/3, 15, 15, 
2019/9/4, 13, 13, 
2019/9/5, 13, 16, 
2019/9/6, 11, 11, 
2019/9/7, 12, 8, 
2019/9/8, 14, 16, 
2019/9/9, 10, 7, 
2019/9/10, 17, 15, 
2019/9/11, 18, 13, 
2019/9/12, 14, 12, 
2019/9/13, 14, 8, 
2019/9/14, 11, 9, 
2019/9/15, 10, 10, 
2019/9/16, 10, 10, 
2019/9/17, 10, 11, 
2019/9/18, 10, 15, 
2019/9/19, 10, 17, 
2019/9/20, 14, 11, 
2019/9/21, 15, 7, 
2019/9/22, 11, 15, 
2019/9/23, 9, 21, 
2019/9/24, 12, 9, 
2019/9/25, 13, 7, 
2019/9/26, 11, 7, 
2019/9/27, 11, 6, 
2019/9/28, 18, 12, 
2019/9/29, 13, 17, 
2019/9/30, 14, 12, 
2019/4/1, 55, 20, 
2019/4/2, 82, 18, 
2019/4/3, 61, 19, 
2019/4/4, 52, 9, 
2019/4/5, 48, 11, 
2019/4/6, 38, 12, 
2019/4/7, 40, 8, 
2019/4/8, 21, 9, 
2019/4/9, 21, 8, 
2019/4/10, 18, 9, 
2019/4/11, 17, 13, 
2019/4/12, 19, 5, 
2019/4/13, 15, 6, 
2019/4/14, 14, 15, 
2019/4/15, 28, 10, 
2019/4/16, 21, 15, 
2019/4/17, 26, 25, 
2019/4/18, 42, 22, 
2019/4/19, 40, 18, 
2019/4/20, 34, 13, 
2019/4/21, 28, 10, 
2019/4/22, 27, 27, 
2019/4/23, 44, 12, 
2019/4/24, 49, 11, 
2019/4/25, 54, 11, 
2019/4/26, 47, 8, 
2019/4/27, 37, 5, 
2019/4/28, 29, 15, 
2019/4/29, 24, 25, 
2019/4/30, 35, 11, 
2019/5/1, 27, 16, 
2019/5/2, 11, 16, 
2019/5/3, 16, 10, 
2019/5/4, 18, 11, 
2019/5/5, 20, 19, 
2019/5/6, 27, 17, 
2019/5/7, 27, 20, 
2019/5/8, 27, 11, 
2019/5/9, 27, 18, 
2019/5/10, 31, 17, 
2019/5/11, 25, 12, 
2019/5/12, 20, 9, 
2019/5/13, 14, 15, 
2019/5/14, 19, 13, 
2019/5/15, 22, 13, 
2019/5/16, 21, 8, 
2019/5/17, 18, 8, 
2019/5/18, 18, 10, 
2019/5/19, 17, 11, 
2019/5/20, 26, 16, 
2019/5/21, 29, 10, 
2019/5/22, 26, 20, 
2019/5/23, 21, 29, 
2019/5/24, 25, 14, 
2019/5/25, 15, 11, 
2019/5/26, 10, 21, 
2019/5/27, 12, 20, 
2019/5/28, 18, 23, 
2019/5/29, 20, 12, 
2019/5/30, 19, 13, 
2019/5/31, 18, 12, 
2019/6/1, 15, 9, 
2019/6/2, 14, 19, 
2019/6/3, 18, 25, 
2019/6/4, 21, 22, 
2019/6/5, 25, 10, 
2019/6/6, 28, 14, 
2019/6/7, 27, 14, 
2019/6/8, 20, 11, 
2019/6/9, 15, 20, 
2019/6/10, 15, 16, 
2019/6/11, 20, 4, 
2019/6/12, 12, 10, 
2019/6/13, 19, 24, 
2019/6/14, 16, 18, 
2019/6/15, 15, 16, 
2019/6/16, 14, 20, 
2019/6/17, 15, 22, 
2019/6/18, 17, 30, 
2019/6/19, 19, 21, 
2019/6/20, 20, 8, 
2019/6/21, 18, 6, 
2019/6/22, 8, 8, 
2019/6/23, 13, 9, 
2019/6/24, 12, 20, 
2019/6/25, 15, 21, 
2019/6/26, 12, 12, 
2019/6/27, 12, 13, 
2019/6/28, 10, 12, 
2019/6/29, 18, 13, 
2019/6/30, 18, 16, 
2019/1/1, 7, 6, 
2019/1/2, 12, 16, 
2019/1/3, 8, 13, 
2019/1/4, 8, 11, 
2019/1/5, 7, 15, 
2019/1/6, 10, 21, 
2019/1/7, 8, 13, 
2019/1/8, 5, 8, 
2019/1/9, 4, 23, 
2019/1/10, 28, 16, 
2019/1/11, 38, 15, 
2019/1/12, 47, 18, 
2019/1/13, 44, 16, 
2019/1/14, 17, 21, 
2019/1/15, 48, 27, 
2019/1/16, 55, 19, 
2019/1/17, 14, 23, 
2019/1/18, 7, 15, 
2019/1/19, 9, 14, 
2019/1/20, 10, 32, 
2019/1/21, 16, 25, 
2019/1/22, 13, 31, 
2019/1/23, 70, 29, 
2019/1/24, 38, 31, 
2019/1/25, 21, 15, 
2019/1/26, 12, 8, 
2019/1/27, 11, 11, 
2019/1/28, 11, 23, 
2019/1/29, 13, 22, 
2019/1/30, 11, 17, 
2019/1/31, 13, 9, 
2019/2/1, 11, 8, 
2019/2/2, 8, 6, 
2019/2/3, 7, 26, 
2019/2/4, 10, 25, 
2019/2/5, 10, 23, 
2019/2/6, 11, 24, 
2019/2/7, 11, 19, 
2019/2/8, 10, 13, 
2019/2/9, 9, 13, 
2019/2/10, 12, 13, 
2019/2/11, 18, 21, 
2019/2/12, 61, 22, 
2019/2/13, 52, 23, 
2019/2/14, 35, 15, 
2019/2/15, 18, 15, 
2019/2/16, 43, 16, 
2019/2/17, 53, 21, 
2019/2/18, 47, 19, 
2019/2/19, 32, 14, 
2019/2/20, 39, 9, 
2019/2/21, 47, 22, 
2019/2/22, 71, 9, 
2019/2/23, 50, 7, 
2019/2/24, 20, 17, 
2019/2/25, 46, 25, 
2019/2/26, 59, 19, 
2019/2/27, 60, 9, 
2019/2/28, 56, 15, 
2019/3/1, 47, 11, 
2019/3/2, 48, 7, 
2019/3/3, 24, 10, 
2019/3/4, 5, 7, 
2019/3/5, 14, 22, 
2019/3/6, 29, 18, 
2019/3/7, 14, 21, 
2019/3/8, 11, 12, 
2019/3/9, 9, 8, 
2019/3/10, 24, 14, 
2019/3/11, 48, 21, 
2019/3/12, 58, 17, 
2019/3/13, 40, 25, 
2019/3/14, 16, 23, 
2019/3/15, 15, 13, 
2019/3/16, 17, 13, 
2019/3/17, 18, 23, 
2019/3/18, 8, 17, 
2019/3/19, 25, 26, 
2019/3/20, 69, 20, 
2019/3/21, 46, 25, 
2019/3/22, 52, 8, 
2019/3/23, 56, 7, 
2019/3/24, 50, 13, 
2019/3/25, 40, 14, 
2019/3/26, 44, 24, 
2019/3/27, 53, 22, 
2019/3/28, 75, 13, 
2019/3/29, 64, 10, 
2019/3/30, 47, 7, 
2019/3/31, 30, 21, 
2018/10/1, 14, 17, 
2018/10/2, 15, 10, 
2018/10/3, 8, 19, 
2018/10/4, 13, 16, 
2018/10/5, 13, 11, 
2018/10/6, 12, 13, 
2018/10/7, 13, 14, 
2018/10/8, 12, 12, 
2018/10/9, 11, 15, 
2018/10/10, 15, 17, 
2018/10/11, 17, 21, 
2018/10/12, 29, 17, 
2018/10/13, 34, 17, 
2018/10/14, 34, 24, 
2018/10/15, 36, 13, 
2018/10/16, 30, 24, 
2018/10/17, 27, 19, 
2018/10/18, 23, 26, 
2018/10/19, 17, 20, 
2018/10/20, 18, 9, 
2018/10/21, 13, 13, 
2018/10/22, 13, 12, 
2018/10/23, 8, 12, 
2018/10/24, 7, 21, 
2018/10/25, 16, 15, 
2018/10/26, 14, 4, 
2018/10/27, 8, 5, 
2018/10/28, 7, 8, 
2018/10/29, 10, 5, 
2018/10/30, 11, 14, 
2018/10/31, 20, 17, 
2018/11/1, 26, 12, 
2018/11/2, 39, 10, 
2018/11/3, 30, 14, 
2018/11/4, 22, 15, 
2018/11/5, 19, 15, 
2018/11/6, 20, 12, 
2018/11/7, 29, 17, 
2018/11/8, 24, 11, 
2018/11/9, 16, 8, 
2018/11/10, 12, 7, 
2018/11/11, 26, 17, 
2018/11/12, 22, 19, 
2018/11/13, 26, 19, 
2018/11/14, 30, 16, 
2018/11/15, 31, 16, 
2018/11/16, 34, 12, 
2018/11/17, 33, 3, 
2018/11/18, 20, 10, 
2018/11/19, 18, 18, 
2018/11/20, 26, 12, 
2018/11/21, 21, 17, 
2018/11/22, 29, 20, 
2018/11/23, 35, 14, 
2018/11/24, 23, 16, 
2018/11/25, 10, 24, 
2018/11/26, 33, 27, 
2018/11/27, 30, 32, 
2018/11/28, 24, 20, 
2018/11/29, 25, 17, 
2018/11/30, 21, 15, 
2018/12/1, 16, 14, 
2018/12/2, 18, 16, 
2018/12/3, 14, 23, 
2018/12/4, 9, 22, 
2018/12/5, 29, 26, 
2018/12/6, 40, 20, 
2018/12/7, 22, 16, 
2018/12/8, 12, 16, 
2018/12/9, 7, 17, 
2018/12/10, 14, 10, 
2018/12/11, 12, 14, 
2018/12/12, 11, 11, 
2018/12/13, 13, 14, 
2018/12/14, 12, 11, 
2018/12/15, 19, 6, 
2018/12/16, 9, 23, 
2018/12/17, 8, 21, 
2018/12/18, 14, 18, 
2018/12/19, 15, 8, 
2018/12/20, 16, 8, 
2018/12/21, 17, 7, 
2018/12/22, 10, 11, 
2018/12/23, 10, 9, 
2018/12/24, 7, 12, 
2018/12/25, 7, 14, 
2018/12/26, 7, 18, 
2018/12/27, 8, 19, 
2018/12/28, 9, 11, 
2018/12/29, 8, 11, 
2018/12/30, 8, , 
2018/7/1, 6, 7, 
2018/7/2, 10, 12, 
2018/7/3, 13, 15, 
2018/7/4, 14, 16, 
2018/7/5, 13, 11, 
2018/7/6, 14, 6, 
2018/7/7, 13, 6, 
2018/7/8, 13, 6, 
2018/7/9, 12, 6, 
2018/7/10, 14, 9, 
2018/7/11, 15, 9, 
2018/7/12, 13, 11, 
2018/7/13, 17, 13, 
2018/7/14, 14, 12, 
2018/7/15, 15, 12, 
2018/7/16, 19, 9, 
2018/7/17, 19, 7, 
2018/7/18, 19, 9, 
2018/7/19, 17, 15, 
2018/7/20, 20, 8, 
2018/7/21, 18, 11, 
2018/7/22, 14, 14, 
2018/7/23, 17, 15, 
2018/7/24, 17, 16, 
2018/7/25, 18, 19, 
2018/7/26, 20, 9, 
2018/7/27, 20, 6, 
2018/7/28, 20, 9, 
2018/7/29, 22, 9, 
2018/7/30, 20, 15, 
2018/7/31, 28, 16, 
2018/8/1, 26, 17, 
2018/8/2, 29, 14, 
2018/8/3, 20, 10, 
2018/8/4, 15, 12, 
2018/8/5, 19, 12, 
2018/8/6, 11, 19, 
2018/8/7, 14, 24, 
2018/8/8, 21, 26, 
2018/8/9, 28, 18, 
2018/8/10, 26, 10, 
2018/8/11, 15, 10, 
2018/8/12, 11, 17, 
2018/8/13, 10, 16, 
2018/8/14, 12, 11, 
2018/8/15, 7, 21, 
2018/8/16, 9, 20, 
2018/8/17, 16, 11, 
2018/8/18, 12, 8, 
2018/8/19, 9, 14, 
2018/8/20, 15, 15, 
2018/8/21, 12, 25, 
2018/8/22, 16, 20, 
2018/8/23, 17, 25, 
2018/8/24, 24, 12, 
2018/8/25, 14, 15, 
2018/8/26, 11, 21, 
2018/8/27, 14, 17, 
2018/8/28, 14, 17, 
2018/8/29, 14, 22, 
2018/8/30, 14, 10, 
2018/8/31, 12, 5, 
2018/9/1, 9, 12, 
2018/9/2, 10, 22, 
2018/9/3, 13, 25, 
2018/9/4, 15, 17, 
2018/9/5, 14, 7, 
2018/9/6, 11, 6, 
2018/9/7, 16, 11, 
2018/9/8, 31, 16, 
2018/9/9, 15, 19, 
2018/9/10, 16, 21, 
2018/9/11, 18, 11, 
2018/9/12, 12, 14, 
2018/9/13, 11, 11, 
2018/9/14, 13, 8, 
2018/9/15, 9, 9, 
2018/9/16, 7, 13, 
2018/9/17, 9, 17, 
2018/9/18, 18, 12, 
2018/9/19, 19, 13, 
2018/9/20, 17, 20, 
2018/9/21, 23, 12, 
2018/9/22, 17, 9, 
2018/9/23, 10, 15, 
2018/9/24, 7, 13, 
2018/9/25, 10, 13, 
2018/9/26, 12, 14, 
2018/9/27, 11, 14, 
2018/9/28, 7, 11, 
2018/9/29, 9, 12, 
2018/9/30, 10, 15, 
2018/4/1, 15, 6, 
2018/4/2, 22, 23, 
2018/4/3, 43, 18, 
2018/4/4, 25, 17, 
2018/4/5, 12, 18, 
2018/4/6, 13, 19, 
2018/4/7, 53, 15, 
2018/4/8, 56, 13, 
2018/4/9, 48, 5, 
2018/4/10, 21, 9, 
2018/4/11, 28, 9, 
2018/4/12, 32, 12, 
2018/4/13, 35, 10, 
2018/4/14, 31, 18, 
2018/4/15, 45, 20, 
2018/4/16, 46, 18, 
2018/4/17, 53, 19, 
2018/4/18, 39, 24, 
2018/4/19, 41, 23, 
2018/4/20, 51, 11, 
2018/4/21, 42, 8, 
2018/4/22, 25, 18, 
2018/4/23, 31, 19, 
2018/4/24, 31, 18, 
2018/4/25, 26, 18, 
2018/4/26, 33, 20, 
2018/4/27, 45, 18, 
2018/4/28, 36, 13, 
2018/4/29, 32, 7, 
2018/4/30, 20, 6, 
2018/5/1, 13, 15, 
2018/5/2, 28, 13, 
2018/5/3, 26, 17, 
2018/5/4, 33, 13, 
2018/5/5, 31, 11, 
2018/5/6, 29, 17, 
2018/5/7, 31, 18, 
2018/5/8, 35, 9, 
2018/5/9, 21, 4, 
2018/5/10, 23, 5, 
2018/5/11, 27, 10, 
2018/5/12, 30, 8, 
2018/5/13, 26, 14, 
2018/5/14, 36, 19, 
2018/5/15, 39, 27, 
2018/5/16, 47, 9, 
2018/5/17, 38, 5, 
2018/5/18, 26, 10, 
2018/5/19, 24, 13, 
2018/5/20, 26, 25, 
2018/5/21, 37, 23, 
2018/5/22, 32, 11, 
2018/5/23, 32, 10, 
2018/5/24, 21, 20, 
2018/5/25, 27, 18, 
2018/5/26, 26, 7, 
2018/5/27, 20, 10, 
2018/5/28, 19, 28, 
2018/5/29, 32, 13, 
2018/5/30, 30, 10, 
2018/5/31, 21, 14, 
2018/6/1, 23, , 
2018/6/5, 16, 8, 
2018/6/6, 16, 19, 
2018/6/7, 29, 11, 
2018/6/8, 31, 14, 
2018/6/9, 28, 16, 
2018/6/10, 28, 26, 
2018/6/11, 34, 11, 
2018/6/12, 14, 12, 
2018/6/13, 10, 19, 
2018/6/14, 16, 17, 
2018/6/15, 25, 12, 
2018/6/16, 19, 11, 
2018/6/17, 13, 15, 
2018/6/18, 17, 12, 
2018/6/19, 30, 14, 
2018/6/20, 27, 16, 
2018/6/21, 16, 6, 
2018/6/22, 8, 7, 
2018/6/23, 8, 7, 
2018/6/24, 9, 9, 
2018/6/25, 11, 14, 
2018/6/26, 12, 19, 
2018/6/27, 21, 23, 
2018/6/28, 24, 6, 
2018/6/29, 16, 4, 
2018/6/30, 7, 2, 
2018/1/1, 6, 14, 
2018/1/2, 9, 11, 
2018/1/3, 11, 5, 
2018/1/4, 5, 7, 
2018/1/5, 2, 7, 
2018/1/6, 17, 10, 
2018/1/7, 26, 18, 
2018/1/8, 19, 15, 
2018/1/9, 6, 15, 
2018/1/10, 6, 7, 
2018/1/11, 4, 7, 
2018/1/12, 12, 12, 
2018/1/13, 36, 12, 
2018/1/14, 28, 11, 
2018/1/15, 28, 9, 
2018/1/16, 19, 8, 
2018/1/17, 9, 7, 
2018/1/18, 13, 13, 
2018/1/19, 11, 19, 
2018/1/20, 9, 29, 
2018/1/21, 15, 22, 
2018/1/22, 8, 25, 
2018/1/23, 9, 17, 
2018/1/24, 10, 10, 
2018/1/25, 63, 23, 
2018/1/26, 14, 12, 
2018/1/27, 4, 18, 
2018/1/28, 6, 9, 
2018/1/29, 2, 19, 
2018/1/30, 6, 21, 
2018/1/31, 7, 19, 
2018/2/1, 8, 12, 
2018/2/2, 10, 2, 
2018/2/3, 8, 5, 
2018/2/4, 8, 19, 
2018/2/5, 13, 19, 
2018/2/6, 13, 26, 
2018/2/7, 10, 31, 
2018/2/8, 12, 22, 
2018/2/9, 27, 20, 
2018/2/10, 11, 6, 
2018/2/11, 8, 9, 
2018/2/12, 15, 12, 
2018/2/13, 7, 24, 
2018/2/14, 18, 22, 
2018/2/15, 20, 13, 
2018/2/16, 13, 10, 
2018/2/17, 20, 19, 
2018/2/18, 19, 10, 
2018/2/19, 12, 13, 
2018/2/20, 12, 19, 
2018/2/21, 12, 32, 
2018/2/22, 15, 16, 
2018/2/23, 14, 8, 
2018/2/24, 8, 7, 
2018/2/25, 11, 9, 
2018/2/26, 5, 5, 
2018/2/27, 7, 6, 
2018/2/28, 7, 11, 
2018/3/1, 7, 12, 
2018/3/2, 6, 13, 
2018/3/3, 8, 13, 
2018/3/4, 8, 21, 
2018/3/5, 13, 14, 
2018/3/6, 14, 12, 
2018/3/7, 15, 14, 
2018/3/8, 12, 24, 
2018/3/9, 6, 22, 
2018/3/13, 8, 12, 
2018/3/14, 21, 13, 
2018/3/15, 28, 10, 
2018/3/16, 33, 12, 
2018/3/17, 42, 14, 
2018/3/18, 75, 20, 
2018/3/19, 64, 14, 
2018/3/20, 38, 30, 
2018/3/21, 59, 24, 
2018/3/22, 46, 36, 
2018/3/23, 46, 15, 
2018/3/24, 29, 11, 
2018/3/25, 24, 6, 
2018/3/26, 18, 22, 
2018/3/27, 44, 34, 
2018/3/28, 47, 17, 
2018/3/29, 37, 5, 
2018/3/30, 21, 8, 
2018/3/31, 18, 6, 
2017/10/4, 11, 17, 
2017/10/5, 3, 13, 
2017/10/6, 9, 11, 
2017/10/7, 10, 5, 
2017/10/8, 5, 6, 
2017/10/9, 10, 9, 
2017/10/10, 8, 16, 
2017/10/11, 12, 16, 
2017/10/12, 11, 12, 
2017/10/13, 8, 11, 
2017/10/14, 12, 10, 
2017/10/15, 14, 12, 
2017/10/16, 17, 18, 
2017/10/17, 13, 14, 
2017/12/2, 293, 10, 
2017/12/3, 9, 22, 
2017/12/4, 14, 21, 
2017/12/5, 8, 28, 
2017/12/6, 8, 22, 
2017/12/7, 9, 15, 
2017/12/8, 20, 16, 
2017/12/9, 11, 19, 
2017/12/10, 8, 17, 
2017/12/11, 5, 10, 
2017/12/12, 4, 21, 
2017/12/13, 6, 13, 
2017/12/14, 8, 12, 
2017/12/15, 3, 12, 
2017/12/16, 4, 12, 
2017/12/17, 15, 18, 
2017/12/18, 13, 16, 
2017/12/19, 8, 17, 
2017/12/20, 10, 20, 
2017/12/21, 7, 22, 
2017/12/22, 8, 10, 
2017/12/23, 3, 8, 
2017/12/24, 8, 11, 
2017/12/25, 4, 10, 
2017/12/26, 3, 14, 
2017/12/27, 6, 12, 
2017/12/28, 17, 15, 
2017/12/29, 20, 17, 
2017/12/30, 26, , 
2025/6/21, , 2, 
2024/12/31, , 4, 
2024/12/4, , 16, 
2024/12/5, , 10, 
2024/12/6, , 5, 
2024/12/7, , 4, 
2024/12/8, , 9, 
2024/7/3, , 5, 
2024/3/15, , 4, 
2024/3/16, , 1, 
2024/3/17, , 4, 
2024/3/20, , 10, 
2024/3/24, , 3, 
2024/3/25, , 4, 
2023/10/10, , 5, 
2023/4/4, , 3, 
2022/8/16, , 14, 
2022/5/22, , 9, 
2021/1/11, , 19, 
2021/1/23, , 13, 
2021/1/31, , 22, 
2020/6/21, , 4, 
2019/12/31, , 6, 
2019/11/21, , 8, 
2019/11/23, , 4, 
2018/12/31, , 5, 
2018/6/3, , 9, 
2018/6/4, , 8, 
2017/12/31, , 10, 
2018/3/10, , 14, 
2018/3/11, , 12, 
2018/3/12, , 11, 
2017/10/3, , 17, 
2017/10/18, , 20, 
2017/10/19, , 17, 
2017/10/20, , 4, 
2017/10/21, , 6, 
2017/10/22, , 6, 
2017/10/23, , 14, 
2017/10/24, , 9, 
2017/10/25, , 14, 
2017/10/26, , 17, 
2017/10/27, , 10, 
2017/10/28, , 7, 
2017/10/29, , 10, 
2017/10/30, , 22, 
2017/10/31, , 18, 
2017/11/1, , 15, 
2017/11/2, , 20, 
2017/11/3, , 10, 
2017/11/4, , 15, 
2017/11/5, , 17, 
2017/11/6, , 24, 
2017/11/7, , 29, 
2017/11/8, , 18, 
2017/11/9, , 22, 
2017/11/10, , 9, 
2017/11/11, , 10, 
2017/11/12, , 19, 
2017/11/13, , 25, 
2017/11/14, , 18, 
2017/11/15, , 24, 
2017/11/16, , 17, 
2017/11/17, , 16, 
2017/11/18, , 13, 
2017/11/19, , 13, 
2017/11/20, , 13, 
2017/11/22, , 24, 
2017/11/23, , 21, 
2017/11/24, , 17, 
2017/11/25, , 17, 
2017/11/26, , 19, 
2017/11/27, , 14, 
2017/11/28, , 19, 
2017/11/29, , 17, 
2017/11/30, , 10, 
2017/12/1, , 13, 